9.087235067991670245e-01,-3.218011086101413287e-02,4.226269218113771209e-01,9.061894719723125879e-01,4.538289269461592834e-01
1.712247316720508228e-01,9.609331467612711175e-02,6.703314348854161331e-02,1.415412760101850020e+00,8.946693248365041873e-01
8.333476595250627339e-01,2.544429209980806905e-01,4.804230631060181778e-01,5.382129955842946956e-01,5.009646739380552161e-01
8.819179104366988708e-01,2.790107281810175754e-01,3.792323711283332455e-01,7.854520841071519488e-01,3.440896137072039784e-01
8.152418468977614685e-01,-4.212631191786729568e-02,7.677331016566769639e-01,8.268576714495192714e-01,3.453644313392815191e-01
8.339368529747278602e-01,4.234892522163985484e-01,8.185995389297466562e-02,6.900606946427548793e-01,5.401671244525063642e-01
6.388735058934635891e-01,3.048824175949454429e-01,4.955798519273333508e-02,7.720648693619074354e-01,7.393670256330894253e-01
5.534093026378161806e-01,5.670515778233008453e-01,2.240206921925756434e-01,7.794564839670170553e-01,4.149892012989659373e-01
7.702345053053009094e-01,6.585648249176463409e-01,4.767260805684408465e-01,6.558671870379292335e-01,4.764017321486985201e-02
9.189766417733642445e-01,1.006604442933877408e+00,6.917484876411602590e-01,4.372462980305183988e-01,3.048403488070372536e-02
6.540116814121578193e-01,1.761936554508890307e+00,4.899376717890417954e-01,1.901019443797724306e-01,-5.475912337991830497e-02
9.895510831224768600e-01,4.630105831428683039e-01,1.243264637432975217e+00,5.771003817403672076e-02,1.585585722999111047e-01
8.916766779004342558e-01,8.079463181020046791e-01,1.305837227900925601e+00,-2.085392361671475209e-02,4.873042534772767387e-02
7.193284948895293240e-01,1.858558108542471388e+00,9.464049682169978217e-01,1.463801162824111546e-01,-1.406885559682154729e-01
8.430493593881676073e-01,1.326622322429595213e+00,9.401084286037869608e-01,1.827594967153954586e-01,-9.851454274986272408e-02
1.405040508740227567e+00,-3.362354277738438535e-01,6.189496883827397822e-01,-8.871891904450532329e-02,1.233099862371005218e+00
9.495940440740675559e-01,1.207414267495410476e+00,1.323823173629414596e+00,-2.081779364497951812e-01,9.617461234437041373e-02
8.664612925328435411e-01,1.615964871373523293e+00,1.078787916960490145e+00,1.350207764613036987e-01,-1.655260977197412775e-01
7.790124069884666325e-01,1.498866672371751863e+00,6.951538807224670879e-01,1.465192592569352914e-01,-1.976621757454448403e-02
4.882760570757427865e-01,-7.615370336402261797e-01,1.700579297321285210e+00,9.332225802133846670e-01,1.384548009071558949e+00
8.271649999005056264e-01,8.572967216183434713e-01,1.285148077683664125e+00,7.990078276297581106e-02,6.179423590030961450e-03
8.627083646472132328e-01,2.700503328649985213e-01,1.128599129799870759e+00,1.340403487708505814e-01,3.339524390899966666e-01
9.552074566532305910e-01,1.130895962483576822e+00,1.077747519796339093e+00,2.347796459432651694e-01,-2.023707660173508227e-01
8.775808692064820393e-01,1.444850329348846607e+00,6.410208367658367656e-01,1.299959327897217895e-03,-2.916895752728070057e-02
9.578733686150601168e-01,3.628068442552075945e-01,1.097386645070905331e+00,-1.099460844281208854e-01,4.127251541956676872e-01
7.715770475365119063e-01,1.286761038983562200e+00,1.241467279376838206e+00,1.487683900054261044e-01,-9.304460183519101812e-02
8.424331908394240287e-01,1.508514767465473083e-01,4.793792858025353598e-01,4.043656048069031450e-01,8.423632376375208564e-01
8.435955136215689265e-01,9.197694835776035749e-01,9.637022669111596773e-01,2.483173598733243170e-01,4.482848153668318042e-02
7.558735653229051721e-01,5.400634109638231539e-01,1.085155633807060704e+00,-2.231647300801682665e-01,3.343337036701287124e-01
9.997008537759387581e-01,5.432261826219060563e-02,7.197290683385811905e-01,1.256756561569948027e-01,8.494561675377014787e-01
8.818847345759550649e-01,5.858964538616299178e-01,1.106512562169020830e+00,8.253983458894589842e-02,1.953646553896936366e-01
9.274858234860889894e-01,5.264139780231468224e-01,1.120420735310882598e+00,1.619412276127058514e-01,1.871484608129926341e-01
8.015322281754866385e-01,1.402119797933018219e+00,1.107951432316717000e+00,1.475584048247274285e-03,2.088840078101044089e-03
1.014807645657562984e+00,-5.443719963612551199e-02,8.252434548910718703e-01,2.262428155909960992e-01,5.737292763794223927e-01
7.519442273024745660e-01,1.555126480945604461e+00,1.211585094678376606e+00,4.078525937015323177e-01,-4.334925505493009146e-01
4.697327149783622757e-01,-6.074386557911950479e-01,7.275348735263038602e-01,9.062443299793101481e-01,1.639497998705571336e+00
6.749642515456231173e-01,1.222249536591611063e+00,1.151687309853302921e+00,2.819984924710126073e-01,-1.679767603896674677e-01
8.465200578629711314e-01,1.226407392796644347e+00,9.136033213896543881e-01,1.544778083199822676e-02,2.952328314667776801e-02
8.818668225676795647e-01,1.400194634885631562e+00,9.098788906197133874e-01,2.550305199977389026e-01,-1.490853433687146512e-01
5.773308538954107227e-01,1.394128823117386728e+00,1.235749936522116066e+00,1.239222447259886312e-01,-4.099409649853164722e-02
9.477285980717466973e-01,7.379646202972507396e-01,1.037837520102706135e+00,-7.309818734615744495e-02,2.449925097031932786e-01
9.690377956463446241e-01,1.150864527383011593e+00,1.371266495570807820e+00,4.460557342525439672e-01,-3.541883351023003557e-01
5.073925793428897268e-01,1.118434104327423739e+00,5.639270565682257264e-01,3.321028898017560071e-01,1.673081663935049521e-02
7.589108035745795178e-01,9.121776831024642762e-01,1.061176294847497870e+00,1.213570067565986899e-01,1.052839251750166960e-01
9.330637385191352662e-01,9.976117013490911622e-01,8.404773414982953383e-01,1.389142845168644114e-01,1.137914984851736144e-01
8.425697395386370081e-01,1.291774579892234209e+00,1.122372907639647810e+00,-1.310238590455971019e-01,8.003468488864610986e-02
7.344414950797099051e-01,1.393436957595942882e+00,9.293205620143063506e-01,1.061481225116367999e-01,7.026562901290612541e-04
7.816407955992442647e-01,1.323503152550226547e+00,8.447399428304933622e-01,8.289131688129812436e-02,7.213413103066325383e-02
7.207611603944336087e-01,1.399165409178071640e+00,9.504019687177825970e-01,4.412110516807603577e-01,-3.647166858510907939e-01
9.212542818839948300e-01,1.328362611021083328e+00,1.024541311779532782e+00,-7.337737616350720193e-02,1.004544413487005461e-01
9.734056224062274110e-01,1.174497808613460093e+00,1.052420258295993616e+00,-1.525511460075843762e-01,1.929173284841755875e-01
8.158358678858202984e-01,1.289191781937037096e+00,9.737395704544081765e-01,4.144192721833347970e-01,-3.343233694832128400e-01
8.453698204928005167e-01,1.443335424760159524e+00,1.222204668808207551e+00,2.501422301890795508e-01,-2.192496526035016824e-01
1.248100537978250602e+00,-1.474548184247606586e-01,9.518450153514915746e-01,3.158042700291171512e-01,3.900388984424782990e-01
7.857476058927105322e-01,1.633348561917617570e+00,1.460528943269608915e+00,4.375212785685067551e-01,-4.441653551310828507e-01
9.812452394484495466e-01,-1.836974945194013581e-02,2.971960816628541058e-01,4.697451740389669839e-01,1.067197790184612138e+00
1.081893213223109607e+00,-3.959135729283821958e-01,6.844018901447112002e-01,4.604397344512201062e-01,8.313651778538370118e-01
8.949437519432400512e-01,1.514347641696321523e+00,1.008254889343119798e+00,2.906376348043617983e-02,-7.059828985924800071e-02
8.454907951978652969e-01,1.659783301269044664e-01,-3.806106157544042121e-03,4.586773750365773505e-01,1.174745055022228257e+00
9.253343449464198622e-01,1.017998414401421359e+00,1.201716296343559698e+00,6.944144392233948804e-02,-3.053951833785134920e-02
1.064416917685129693e+00,2.003654313581077762e-01,3.026225302931488947e-01,2.550707804520033206e-01,5.678538522872601524e-01
9.428543204350053886e-01,9.680357005604670606e-01,8.746557494040496650e-01,5.460566840446725440e-02,1.109608653343430312e-01
8.175075821454341751e-01,1.339023029377439444e+00,8.015453390693131341e-01,-6.471698116724836081e-02,1.068207063409015722e-01
9.149571123913912141e-01,9.113850698182295318e-01,3.488902106320807550e-01,8.573046834496340918e-02,3.063492133505968940e-01
7.481001841766755645e-01,1.913982702054581042e-01,1.054339188238200942e+00,1.914621528638337788e-01,3.466197674838900622e-01
8.739802821233915164e-01,1.046574963556477833e+00,1.001037916617867563e+00,5.395133477385603143e-02,4.932015043411565325e-02
1.239889022557828513e+00,3.019318147568660349e-01,4.683561785290986101e-01,2.149355875403336780e-01,4.007897859187910528e-01
8.593514511529729560e-01,1.366983670853899824e+00,7.093542951998710322e-01,1.850659604417785598e-01,-4.702946237953890135e-02
1.159020037462908714e+00,5.814126868126572312e-01,6.452559543665477015e-01,1.642408911851646891e-01,3.012260386853530814e-01
1.133666986882415184e+00,6.753318658232428939e-01,1.001477821981665350e+00,1.544371693600125883e-01,-5.121605172222479935e-02
8.444039935284449738e-01,1.391138753057295840e+00,9.364614485448335968e-01,4.236226213130015461e-01,-3.195103787487454383e-01
9.428291425406519766e-01,1.555946967931694624e+00,1.338474324515857683e+00,3.509209208287845660e-01,-4.157829678920004213e-01
9.442085130743297361e-01,1.069336554766621372e+00,1.000225924646834130e+00,-4.221080218971996062e-02,6.016095298982544748e-02
8.747897691882706717e-01,3.483995312618469176e-01,-6.190139539070626390e-02,5.711358383094361502e-01,6.270446353345929813e-01
6.623687952710043403e-01,9.354798908642901756e-01,8.249573641711209770e-01,2.337526764383202893e-01,1.544708803580076006e-01
1.014563947729246074e+00,1.311291272725649604e+00,4.281286722515715293e-01,1.873512083075268841e-01,7.828685638647109313e-02
9.678802276590952047e-01,3.557207333870430754e-01,5.792512992455746135e-01,2.915241073165545371e-01,2.478648940849730586e-01
7.667736211590918671e-01,8.385279534883111063e-01,8.006815644465542503e-01,4.064591241606735350e-01,-1.489611078215949402e-01
4.239721765201204806e-01,5.367382710864256751e-02,-9.396796228470842560e-02,8.318716806336888814e-01,1.433029472084922373e+00
7.064996793930279351e-01,3.430575724920816305e-01,5.458688815496017810e-01,4.011460289605556229e-01,4.295660354521215751e-01
3.955712302982136164e-01,4.078691932219714045e-01,-3.794041254561975052e-01,6.105326507314630113e-01,1.274897175745888012e+00
7.021813346183662929e-01,-8.985710661767428234e-03,2.214384486380047701e-01,5.226686153075301711e-01,9.378463937520122862e-01
4.241808319229063429e-01,9.903382961883451518e-02,-2.033555912541988933e-02,6.606210988081211433e-01,1.394807357358453848e+00
1.114493061819233022e+00,-1.126863695715271813e-01,1.631393316707322461e-01,7.355717905331508044e-01,6.763598172600040481e-01
9.621896901104687316e-01,1.009535623494532741e+00,8.523837699006749924e-01,2.454196285176686587e-01,-9.372098112502337541e-02
1.076033239075269599e+00,-6.119633616196298864e-02,-1.154904655762640092e-01,7.183572663713830853e-01,8.309903386154441352e-01
1.101491054653595203e+00,5.613029546004044690e-02,1.033121080229826710e-01,3.392182250410012423e-01,7.705827670361782289e-01
1.170872942403774930e+00,-1.085948806746182826e-01,-2.598938083196653676e-02,5.925208300735376188e-01,9.695385077511079475e-01
1.337461895471569351e+00,-3.575514798373662373e-01,4.046443122872587783e-01,6.291670350123700350e-01,7.093484825866634980e-01
6.476932183862929016e-01,-1.396549807891918626e-01,5.511326968812209348e-02,6.429477320806827878e-01,1.445081388524190880e+00
9.532633483398011975e-01,3.596709739030163333e-01,2.683677403618308643e-01,4.194265675351632749e-01,5.504419672587400614e-01
1.005843738386011710e+00,-1.007170339254502001e-01,4.738684389293141841e-01,1.009232127612523344e+00,-4.040452344316605021e-02
8.516556484800591464e-01,8.021674938432364899e-01,6.780408730610765211e-01,6.397694466430782212e-01,-3.330761517667647081e-02
8.893555612596669713e-01,7.640076766253278695e-01,4.800054270668896450e-01,6.741463489141407139e-01,6.604264591868355683e-02
9.351019478989214262e-01,6.353878314082743728e-01,1.423704735024160783e-01,7.943775492387070702e-01,2.494829991763758970e-01
7.650650820311539757e-01,2.410258542657917891e-01,3.527458308825733857e-01,7.404148599186011204e-01,4.858958444493007844e-01
9.673099337955338717e-01,5.145633426683605682e-01,7.634192484587351002e-01,8.074487259502094449e-01,-1.249363203739418393e-01
7.663651123983840074e-01,1.067587725866697479e+00,8.940938946053652581e-01,6.028744917454879060e-01,-1.801020468899038884e-01
7.937132170996993308e-01,3.886847513725796843e-01,5.474517803872855914e-01,8.835731359753812297e-01,3.688674076583900452e-02
1.252481421025940733e+00,-7.589298819658346629e-02,2.786108764188081621e-01,3.634280333635495075e-01,6.486334588187293582e-01
1.244769381647650386e+00,2.196475917837288905e-01,1.139190261987505393e+00,2.430639127458256721e-01,-3.024650399377788908e-03
1.146710484446670453e+00,2.914077412029363878e-01,4.388482695851816384e-01,2.407721567425205877e-01,2.740687204125107912e-01
8.459532879218158996e-01,-1.379577486145345915e-02,-7.801448991781471942e-02,4.544364699107595329e-01,1.526176511597721497e+00
9.362366425469443865e-01,-9.255509980337203735e-02,1.397192747714388894e-01,4.714098052168554376e-01,8.931917985190149789e-01
1.048396099737436860e+00,-9.880608416044453501e-02,2.535410751708652710e-01,8.473715081042073605e-01,8.274342312570180935e-01
1.131044113212918978e+00,6.000288101961972487e-01,4.411800640935801265e-01,-3.396528747335429976e-01,7.658831014013830485e-01
7.026298857521339203e-01,-5.655745223708275038e-02,3.167535518330900912e-02,6.446490595355227615e-01,1.298519601577139193e+00
1.012649218232193338e+00,1.610375189923191619e-01,-1.475545020141652008e-01,3.911946392562528074e-01,1.487936775308554171e+00
3.581200886032342434e-01,3.170407542461552985e-01,-2.434192091034099448e-01,8.356667634731368421e-01,1.242961228995556278e+00
7.043504983420109111e-01,1.444701875873825037e-01,7.716203253554010377e-02,3.799872689174457197e-01,1.034956915316315174e+00
9.310060470493445317e-01,1.203699065155027226e+00,7.229880734974282186e-01,2.419578468675317728e-01,-1.713767254502069626e-01
9.009184911793082229e-01,6.692870082846569951e-03,-1.369972533410926119e-01,8.058661688397766865e-01,8.954931887890572595e-01
1.190790435430120420e+00,3.332387666020528161e-02,4.525076731739765407e-02,2.473151906810970857e-01,9.999318432295877246e-01
1.220896814342528724e+00,1.096631946381860095e-01,1.845457624931044760e-01,2.048338864575347529e-01,8.014876033212255946e-01
4.777273653976806256e-01,2.123638531291201503e-01,-2.536378780688910428e-01,8.280020087271117157e-01,1.611560393974792005e+00
1.116423986685070258e+00,-2.686046078520785141e-01,3.000443101547891622e-01,4.353938096830817783e-01,1.229716818930790101e+00
1.108791101153525638e+00,1.194375124389382981e+00,7.232500678893601931e-01,-3.157823745751742739e-01,2.639522946635193823e-01
8.716283897379857315e-01,1.459389947624861517e+00,9.075625709182694179e-01,-3.336790959626142472e-01,2.300924598513218178e-01
9.576653073864120902e-01,-3.514619404239233136e-02,-1.500583261839309457e-01,7.672755500667450823e-01,1.121901221163733364e+00
1.122915268953726953e+00,4.870906513591213849e-01,7.375143401710733126e-01,5.227551318963026272e-01,-4.354106624316105706e-02
8.504343624316255124e-01,1.044898380985546549e+00,4.226104558176264070e-01,1.711104591163171706e-01,4.112841754618840745e-02
1.105106115153186241e+00,3.917658609041569373e-01,2.088511982689580382e-01,4.912231124811223260e-01,8.360404899105985943e-02
1.164944523578473445e+00,-5.197783673225044726e-02,-1.812366792240956842e-02,6.249241558535882923e-01,8.131892873971648950e-01
1.094136963496602943e+00,-1.901902790709535940e-01,2.528331556509157418e-01,5.459032271667160208e-01,7.506762346764846994e-01
9.952122664214620995e-01,8.625534488457725635e-01,9.543601979699547488e-01,2.216591292764953924e-01,-1.364394628895831962e-01
1.228705404772533649e+00,2.445889703267211668e-01,2.227393609082467252e-01,3.552962724522259336e-02,7.766468609361243391e-01
8.247145832495573758e-01,1.406623884291033688e+00,1.223303535736842695e+00,9.844338056065913417e-03,-8.972936662615720038e-02
1.052854235841756525e+00,7.179495622198105442e-01,1.143947291442719116e+00,-4.036555596429949877e-01,5.082679471747092448e-01
1.158938569509956329e+00,1.804501670249147038e-01,8.646503017876583375e-01,1.348751059565413690e-01,5.102637786866779379e-01
1.117976126625986444e+00,1.023060280205143391e+00,1.354793581464650787e+00,-5.367016942734259555e-01,3.956376974053074647e-01
1.221457965588818695e+00,4.743623543307615709e-01,1.101419194858302752e+00,-3.666136897510735571e-01,3.037464340620607550e-01
1.015623257804192159e+00,1.438014718994739649e+00,7.340074748584922704e-01,-2.959463799317398891e-01,2.835877854676231435e-01
1.030051181858816278e+00,1.021774883312251525e+00,1.289219127321506786e+00,3.073382156694064171e-02,-8.488281576110442983e-02
1.116482285782698813e+00,1.022525750259558164e+00,7.635814728068787138e-01,-3.080824654741059487e-01,2.651159616443848344e-01
1.358596202951795950e+00,1.648460545328428173e-01,6.487039506565255298e-01,-1.948066464694644118e-01,8.906263412260787549e-01
1.429785178165196236e+00,3.643429091943140574e-01,-2.327175698525554004e-01,6.615200038656508796e-02,9.820117158957433201e-01
1.211069638527783265e+00,5.493787975058479489e-01,2.160361276362159078e-01,-1.143178823700255614e-01,6.196273521621002978e-01
1.041328533218593977e+00,1.104577664083686628e+00,1.159580000793986265e+00,-3.690062541617272762e-01,2.806083530647223157e-01
1.299304882306965725e+00,1.826475497496667100e-01,5.255642483368201390e-01,-3.405714458858385973e-01,1.039979997120506150e+00
9.801181562729105456e-01,1.029824834731261962e+00,9.462867930115609338e-01,-1.268854761227869443e-01,1.079869026903827051e-01
1.238849185474544257e+00,3.891861650069987633e-01,1.048629448960042287e+00,-2.963798815625360850e-01,4.487706515573440247e-01
7.685654718938045304e-01,4.782787921459056291e-01,7.934819912459304403e-01,2.261438808776668752e-01,1.827240996768718651e-01
1.175501251364623689e+00,1.138210807365320987e+00,9.329551163111940992e-01,7.917189233435592555e-02,2.223183148850946950e-02
9.350718690553907475e-01,1.011753626079736179e+00,1.178909215827725898e+00,-4.648183128558360244e-01,4.661196325581715150e-01
9.666821538916177126e-01,1.653780544458235136e-01,7.975871243210250205e-02,-8.839975591122264942e-02,1.327020586776442190e+00
1.059398787670624120e+00,1.045814981360876583e+00,1.025483942127747516e+00,6.863531886371380952e-02,-6.757631775257691431e-02
1.160346962974775131e+00,8.089445345697530154e-01,1.016508859042952739e+00,1.363269365444282066e-01,-6.956562709291176649e-02
9.497879005107393580e-01,1.070925882520219252e+00,9.241544124154200679e-01,-4.819927704304714511e-01,4.693891224695379005e-01
9.995655469405084759e-01,5.570039455108355408e-01,1.007806717190810719e+00,-9.014460023304871061e-02,4.313884684539212033e-01
9.964736279589636592e-01,7.940495514844546632e-01,1.162737152348511049e+00,-3.422241876221890911e-01,5.234093568697646415e-01
1.089975910272116710e+00,1.373424424813923794e-01,1.142253431656706786e+00,-5.864351723868203858e-02,7.976350218619286947e-01
1.451097451358296153e+00,-3.155452008394670216e-01,1.100875310896076931e+00,-1.891286000110531940e-01,9.476961714254580338e-01
1.107410952454140896e+00,1.845136393943489633e-02,5.466534821181789905e-01,-1.363904601672764338e-01,7.989891524496972597e-01
6.470101344064773663e-01,3.193894872078947289e-01,-9.484207001243380453e-02,2.990712892586102623e-01,1.477738365023891776e+00
1.118778086308833464e+00,-1.211108620935381040e-02,1.697829944007108738e-01,1.383303091481633273e-01,1.082462376213311206e+00
1.282324150339800184e+00,4.667652671153559862e-01,5.385204846110062116e-01,-2.307078667173326769e-01,7.219820954564020177e-01
1.084713751036365359e+00,5.223338076820102094e-01,1.000723432185948170e+00,-2.678885514643731813e-01,4.397582496872227131e-01
9.887657311683871741e-01,2.797527694180337310e-01,1.504287569641641897e-01,4.710848665698716409e-02,1.126440176527269132e+00
1.355426255002708080e+00,1.719356358801993057e-01,2.547814183407675834e-02,-1.346261593705218862e-01,1.787025410249993396e+00
1.091211696024556588e+00,7.756625151188053513e-01,7.311949176982213139e-01,-2.600272211293804814e-01,5.176925265961459521e-01
1.210002541117996433e+00,6.557314998081150703e-01,3.548055643972047313e-01,-4.329925803144655805e-01,9.242407839358932620e-01
1.222977198893869577e+00,2.237445658788028424e-01,1.861503231944595382e-01,-8.968642241519890479e-02,1.135106711533299784e+00
1.022656642462559606e+00,7.896119205935721030e-01,1.020261655269631307e+00,-2.916545745669646972e-01,4.829606059427752340e-01
1.023376771829879406e+00,6.652516733522705339e-01,9.158872310690779894e-01,-5.682948768792581845e-02,2.713497993491770233e-01
1.092441957251680584e+00,8.384932219809206888e-01,1.292390275986632142e+00,-1.909339936804744231e-01,2.445528803300466014e-01
9.437957517003576768e-01,3.152527962954789764e-01,1.762481495957126110e-01,-1.231098676006603249e-01,1.266860064440841427e+00
1.480249511790838302e+00,-1.931324420644153217e-01,3.329419722594810227e-01,3.091773544320672307e-01,6.704331599862379809e-01
9.487360752026267052e-01,6.330221725850130321e-01,1.281679481391873265e+00,-9.913530158059322139e-02,2.126660314349420600e-01
9.948588998374653380e-01,9.030157080481682197e-01,1.118455138462396858e+00,3.532169564031521075e-02,7.882912294640916431e-03
1.219912648065693661e+00,2.845466558579072269e-01,5.934804132748677796e-01,6.884838219508691848e-02,5.879765747022919209e-01
1.122551006625413406e+00,6.421779999892873736e-01,9.609006476965906707e-01,-7.429856978110511989e-02,1.806806890622307260e-01
1.031810200398170174e+00,8.984421375889173333e-01,8.627964280007477393e-01,-2.414501105106549306e-01,4.025390572083737406e-01
1.110121642084724192e+00,5.715856174202578188e-01,1.035594865195555325e+00,-3.580995620550295189e-02,2.733599285808068213e-01
8.776783715644261852e-01,1.287441803013991359e+00,6.452620290938397840e-01,-1.867114572665107552e-01,2.324536540285122854e-01
1.111342301933166965e+00,9.422397182731082621e-01,7.160190009697138258e-01,4.106265151692741616e-02,8.820344800792147277e-02
9.907866969668555068e-01,1.384805328168656091e+00,8.941275281295026911e-01,-5.468352452229539168e-02,-2.060076184658281642e-02
1.072770319520947924e+00,6.579586947306728106e-01,2.865429108305255768e-01,-5.733725427162314481e-02,4.515593586796645131e-01
1.032361898195027550e+00,7.394635169923889917e-01,1.200065108691427573e+00,-1.754280670273916931e-01,2.223486804778391779e-01
9.463972781130092216e-01,1.187577169610708250e+00,7.109588184775063047e-01,-2.641673202949932908e-01,2.728901882112629851e-01
1.155249159340464793e+00,5.778215787720432095e-01,1.161807384074558636e+00,-2.434592448852305746e-01,3.284961100745988349e-01
8.960691481046213491e-01,9.459763832819831908e-01,6.196245028589784098e-01,9.223391642900388688e-05,2.883276860223880078e-01
7.927051140389678174e-01,1.403561491931627048e+00,6.877425419281476549e-01,-2.774464194341952905e-01,3.075046275917991401e-01
9.366291234963073364e-01,8.124869657890101404e-01,8.594223658255365494e-01,1.264545733657227722e-01,-5.463476288823032601e-02
1.124136628028235663e+00,6.646966235188193073e-01,1.108124684091512657e+00,5.593278479306418999e-02,1.679220551211629830e-01
1.206022355383798317e+00,2.062993824979051094e-01,9.409186410801088085e-01,-3.574124289650268405e-01,6.638696187174933927e-01
7.743583953635287953e-01,4.732319498114909706e-01,6.428434910730648211e-01,1.100997847230773957e-01,6.037155203753895583e-01
1.055572020718994253e+00,6.428972714871229455e-01,7.462374531152019541e-01,-4.591184257122937762e-02,2.575729851125513892e-01
9.501154205795988572e-01,1.231816788329369361e+00,1.079445508702945311e+00,3.558025817491837772e-01,-2.740130543515895134e-01
9.628993514172907719e-01,4.129480725067762314e-01,1.844142176863456661e-01,-1.599109303392613202e-01,1.142044947810906930e+00
1.082047014747975711e+00,-2.627619958104103204e-01,4.642862163892338967e-01,3.928182921762919666e-02,1.311328499014783988e+00
9.754127727888027843e-01,5.722820157924047857e-01,9.261343420327644571e-01,4.083996773552317364e-04,3.121106027065939648e-01
1.253149364071252103e+00,1.085492964928766124e+00,7.884366753062422850e-01,-2.027267003115012234e-01,2.982150218407453868e-01
6.102438970680645891e-01,-2.996612518454949345e-02,7.225027626922941870e-01,9.032347497765751132e-02,1.320232941552884398e+00
1.171941275579789332e+00,2.478722169830625266e-01,6.226027948095292919e-01,3.333366341472951966e-01,2.643933692712164829e-01
1.027872155816875965e+00,-7.914573105571595657e-02,4.744201350155431707e-02,7.610287246932547767e-01,5.380354470073608342e-01
1.222628285040562091e+00,-4.981934300189233555e-02,1.510974930620494483e-01,3.895040784483606577e-01,8.594891926864290932e-01
1.132232945023294413e+00,-6.070431175438747995e-03,6.672256158808392845e-01,3.565962138006516513e-01,2.731857214685935453e-01
1.298956091991599004e+00,1.516063761930849241e-01,4.285851028215818537e-01,3.088333488712394215e-01,4.710838182397838469e-01
1.126020555227387199e+00,4.367493678256671452e-01,5.199167460523905770e-01,2.293785061718045803e-01,4.561715373765919956e-01
1.261324771859593463e+00,-1.061016002987930779e-01,4.439415713533820251e-02,5.538262507118639766e-01,7.562344769700864999e-01
1.043496988443271656e+00,2.922127804407201879e-01,7.281933239229712029e-01,2.732404748379784198e-01,2.789840200762772060e-01
1.110092243035637694e+00,3.130410057274166657e-01,5.890693531644677350e-01,1.501985537214046290e-02,5.010256925326740385e-01
1.090866095674955183e+00,2.687077161210486564e-01,1.067485274385054472e+00,1.748290790934880212e-01,8.692274450449243017e-02
9.190855104256553387e-01,1.924743574945875224e-01,-1.342097470866563114e-01,6.253868847631810501e-01,8.192263658330365406e-01
1.166740267276775933e+00,6.967783043372804963e-01,8.206173135625394188e-01,2.954693688073676272e-01,-6.839160152709147572e-04
1.001849424902073293e+00,4.732175851550395329e-01,1.113242870650377636e+00,6.534486479818731874e-01,-2.687319203056638961e-01
1.185638246633873516e+00,5.273524048935315234e-01,2.154766521479072605e-01,2.773154045459487113e-02,4.745008906993713471e-01
9.138307582319555866e-01,4.203976823360284221e-01,3.245728470002566257e-01,6.317247030608742486e-01,2.024380816159826180e-01
6.300791361686719494e-01,1.233828426171929143e-01,1.017607384680643962e-01,5.190164259043041906e-01,1.079042785992468279e+00
1.050956371825692681e+00,5.495347090828730380e-02,1.950676644721580366e-01,5.114580614846827578e-01,8.214603970029228375e-01
1.258735755954854874e+00,3.215953201732360545e-02,3.853269638953185083e-01,2.130277962022480154e-01,6.783543867257776361e-01
1.159366312933657550e+00,2.196975457974085014e-02,1.698085860539687297e-01,4.873987411136308789e-03,1.057448912310929856e+00
9.774022018233738951e-01,7.616189924182635851e-01,8.860481810606927189e-01,3.945808711032399163e-01,-1.354617038688393504e-01
1.038113721122869260e+00,-7.091685650324196233e-02,-7.667159638406477462e-02,1.170536925463511624e+00,5.999846518985012533e-01
1.001817335878464776e+00,4.485375737119032813e-01,6.276015454465110333e-01,7.086164248147301947e-01,-1.235968314554403286e-01
8.750332236795759222e-01,6.470957559767672729e-01,6.149930469512767672e-01,7.030167131238433953e-01,-1.033606029609775018e-01
8.218450712713696316e-01,1.674033744002439983e-01,8.685705777919998372e-02,1.203563330649371599e+00,2.702672017768729118e-01
5.560058979005757518e-01,2.422993929677576541e-01,-1.394272803989412834e-01,1.198002023414323380e+00,5.892788353688944714e-01
8.470736241547409673e-01,2.286159719720013694e-01,1.248831012366959647e-01,9.730351654698585762e-01,4.073681662155074212e-01
1.044750256005088085e+00,9.791810888543189817e-02,-1.801155095454354815e-01,1.069594158876315815e+00,5.189162576610185651e-01
9.102868579094466339e-01,2.445259382475831744e-01,-1.810489901661855860e-01,8.819613620929568354e-01,7.507223691173107172e-01
9.632512482113751995e-01,5.431073248389809427e-01,6.027731349382283721e-01,6.930413010326744727e-01,-7.663339305966437864e-02
4.970529507965362748e-01,1.258913050844522319e-01,3.279741759255362932e-01,9.331761672368903415e-01,5.631349840903877579e-01
7.195005416043778190e-01,4.677040540226432008e-01,4.547461080371307807e-01,7.843230436175577802e-01,1.286665520929898276e-01
8.520376546156532838e-01,7.376064748071982091e-01,1.106782299826141736e-01,6.302783628285427708e-01,2.071002869728278128e-01
7.200815150281841825e-01,1.841911575960004932e-01,1.733218824651288903e-01,9.520839865007406644e-01,4.008136259916482147e-01
6.788441716519477698e-01,4.898855773525463420e-01,2.715041816058071378e-01,7.321003354908545147e-01,2.686314121965484025e-01
1.338929068071642581e-01,6.433255476895220759e-02,1.863074649746506717e-01,1.200710701777272904e+00,1.150258669548960277e+00
3.909524911578429740e-01,9.811535186376238449e-02,2.191170497288085772e-01,9.670696021193027070e-01,9.572826487274223028e-01
3.858711235148556407e-01,4.768438546180747140e-01,4.737519175519158687e-01,8.474561587829030351e-01,3.509990587749005631e-01
6.488415634917488184e-01,4.368966121113919132e-01,-1.908138253866135947e-01,7.846203310806627584e-01,9.123879624038319092e-01
2.357455487836217500e-01,1.878765307352560088e-01,-1.653386054170987718e-01,1.122618331868642683e+00,1.258274553067682433e+00
6.836721307828406147e-01,5.620567963693978708e-01,3.428516842361146177e-01,7.413622455719414139e-01,2.943200746911515675e-01
2.133304087789951731e-01,6.231220485452371866e-02,3.453533518262606739e-02,1.157807287290154363e+00,1.260216313350306150e+00
2.934630286781164110e-01,4.891278305906154172e-02,1.306756510199715005e-01,1.183646318750861237e+00,1.060232514572277074e+00
6.097650023901182159e-01,2.089163138628867544e-01,-1.731968209859356123e-01,9.630293163393460754e-01,9.254460365395759114e-01
6.651246809713978747e-01,5.639391879827094778e-01,5.097090881172856580e-01,7.613648738372079672e-01,1.023887917048099255e-01
4.000661523520111507e-01,1.559062804754360043e-01,-3.125562123710883683e-02,9.569376465018535338e-01,1.164346955886532697e+00
3.946759980495348485e-01,6.484810691400311189e-01,4.032040573211019829e-01,8.188356377170932232e-01,4.056787479633809368e-01
6.597285500896150623e-01,2.282855873919814038e-01,1.800749699245955404e-01,6.708646586454549698e-01,6.216356541178196249e-01
7.145616370322455113e-01,8.680695957624398607e-02,-8.392549512910659273e-03,1.006474195018305373e+00,7.584085202072611276e-01
7.587417524219816078e-01,1.409364002977538111e-01,-1.234142984251206110e-01,8.649101882381593498e-01,1.006456081138027425e+00
4.765702598815145241e-01,4.762872997903830341e-01,7.203273554114154598e-01,6.999343481711594039e-01,2.593665455346230164e-01
8.713984182981910909e-01,-5.292543605546125990e-02,4.764026186951061392e-01,7.909663764784409246e-01,5.996987628949219662e-01
1.008659581334434341e+00,5.170548811100248582e-02,6.696876647522087556e-02,8.266711028780863169e-01,7.782292706823056294e-01
7.973169895096957616e-01,1.056697030902171486e+00,7.848346770098278968e-01,5.656126418899271036e-01,-2.468004912702028986e-01
8.215715669092316098e-01,6.214362764217353785e-01,5.111559441446872354e-01,5.670352962476890024e-01,1.903499793266000273e-01
7.013866611714377752e-01,3.708966000978249078e-02,2.095024269000433925e-01,1.010514886010623004e+00,6.273710993450470896e-01
7.134768182304722650e-01,2.508031089433720440e-01,2.097457399017812196e-01,6.790002156977430481e-01,7.678393933040895680e-01
7.168210877082206167e-01,3.727266353823866507e-01,4.837904704543198320e-01,6.019995047397598276e-01,4.413686914884616952e-01
7.253841491932616625e-01,1.260635141782043167e+00,3.800070352696955922e-01,3.488696105012760729e-01,9.603277398063599091e-02
2.411342205869255462e-01,3.759514428020861998e-01,2.561602103273721842e-01,1.099877753215867227e+00,4.502912294077008881e-01
3.125319643597976316e-01,3.239651420130336135e-01,-3.777663378105137748e-01,1.199203521995990451e+00,1.202704767178781831e+00
7.388461907861888500e-01,1.094240120634276670e+00,4.367269343166990114e-01,3.188071165577293642e-01,3.084556427685000712e-01
8.682153749171115376e-01,1.015107929853304780e+00,6.831922982373335174e-01,3.856735044376473076e-01,-1.242968009835597742e-01
7.679910885716489943e-01,6.191872604500644472e-01,4.978985719788970310e-01,5.237691380822008247e-01,2.602427493751642285e-01
6.573590442759131847e-01,4.234287852798159779e-01,3.598521609793322584e-01,6.152885912183871930e-01,3.636805345912750842e-01
9.280828007832295778e-01,7.369495642179222372e-01,3.105271958464759230e-01,5.700627833378937304e-01,1.171723776478073714e-01
7.891458849991295210e-01,2.134891895511990823e-01,4.111054986770261155e-01,7.025138480800091623e-01,4.926788572511058284e-01
7.441791045656637182e-01,7.528157175425130854e-01,-8.623275281771167200e-02,5.489766958161240717e-01,4.202046581563247951e-01
8.794630797669332756e-01,1.137483033139763178e+00,8.831731187100709812e-01,4.361549552269600727e-01,-1.492303582126362216e-01
5.851149681089806709e-01,1.675485353184475723e-01,1.950284324340196274e-01,9.744933972888567553e-01,4.741102294911388459e-01
8.734904749997349782e-01,3.482355542968671447e-01,1.543994568173519266e-01,5.435332063611409970e-01,6.720478570881959213e-01
8.133681686943339262e-01,8.989261587560711808e-01,4.987271318964376365e-01,3.579746753243210344e-01,1.963740308147821079e-01
7.984799803752965497e-01,1.797173855998773495e-01,1.682980666561475491e-01,6.197585242995848898e-01,8.955251513898419002e-01
8.110831483985335433e-02,7.077932219415054016e-01,7.623901929050040938e-01,8.256620674529646653e-01,6.016939029931652749e-01
1.044060773119844576e+00,4.313321157233940273e-01,1.237685503802118947e-01,4.341833820513874564e-01,5.595791041433362256e-01
9.639255893638946915e-02,3.411367591909719721e-01,1.560638264920657658e-01,9.184276462304655775e-01,1.133777084205514596e+00
8.484571449659656928e-01,1.685867090089577247e-01,-8.794548530661493169e-02,8.393782538537843951e-01,8.116866288073339986e-01
5.576726414855065483e-01,-2.055551516301147852e-01,2.716644222324205438e-01,1.181459530051548912e+00,9.621228034263937801e-01
3.309626108942825273e-01,1.528881531747717237e-01,2.720304924816421277e-01,8.428406033612356740e-01,1.063387882335140810e+00
3.819513684475649429e-01,2.710735337982856930e-01,5.716061630230302032e-02,1.072433366595895610e+00,9.099090466328954019e-01
6.268101195013302263e-02,3.064920356392670797e-01,3.731525121589055471e-01,8.980705936063659856e-01,1.201217052311442268e+00
2.474420523866822375e-01,-3.348053435339490985e-02,5.378258342249199186e-01,8.831862877290053149e-01,1.095926257642608759e+00
7.246157020368241275e-01,8.808656738290204791e-01,3.476212143905931806e-01,3.845816752264509808e-01,3.692765953328208672e-01
8.739356934199431493e-01,4.840215421645469585e-01,6.639714728610096595e-01,3.380533602989340136e-01,4.466478876200902226e-01
9.463152225031252751e-01,6.123374317874534789e-01,6.065024960486975480e-01,2.191609975153583356e-01,3.950531874559033430e-01
8.459641835711799729e-01,4.058179716726540986e-01,7.666276329257759592e-01,5.345035958136452603e-01,1.434088028154988925e-01
7.489461873789570179e-01,3.423851215086863298e-01,-7.595733823090164427e-02,6.202187242674693790e-01,8.487088651302171494e-01
8.164487489001874820e-01,3.618088695923650788e-01,9.477405936468047409e-02,7.570210690974553680e-01,6.064114574242108757e-01
6.240885809868645939e-01,-3.456170425429525017e-02,4.815667943820284291e-02,1.272640128381352653e+00,8.361015753573534104e-01
9.418525243095995370e-01,7.593176559384843261e-01,7.751432283721756411e-01,6.324178018250075084e-01,-1.952314670363963500e-01
7.752613949851888675e-01,5.035066489042063775e-01,4.701740478732764350e-01,7.144812795006679762e-01,1.626833169956385383e-01
4.048524976898811856e-01,5.537266519414960064e-02,-4.572765931659890370e-02,1.170327168702407272e+00,1.114023951766935250e+00
4.961876152023507736e-01,2.596460600672363950e-01,1.020085711881921625e-01,1.054651239258987960e+00,5.090013351661347718e-01
5.733009542273774795e-01,3.530758921774141117e-03,1.889489622499165161e-02,1.063495461171615863e+00,7.865074560177610641e-01
6.135078153660427080e-01,3.565368912239658683e-01,6.695990329887583359e-01,8.204606115605589389e-01,5.558660440543983922e-02
6.008793871358418803e-01,3.378189504477569494e-01,-5.292658979097040334e-02,8.798466064069138115e-01,6.369949053065397937e-01
8.421748791416794333e-01,9.605853120218049712e-01,6.975351547607469005e-01,5.757995417657962856e-01,-1.045654701361585642e-01
8.432973152003708783e-01,4.990944924841999031e-01,3.089921162595016813e-01,9.346140056823268871e-01,-5.732484612814672115e-02
8.846029676005265907e-01,9.126530312001045475e-01,4.069133184307206497e-01,8.397436464272040046e-01,-1.794031212085421267e-01
4.277337001540899575e-01,1.083055965043553254e-01,2.967737155089573975e-02,1.117745854246272597e+00,7.865179286589433216e-01
8.313193257710065343e-01,7.813316742652993696e-01,4.208153223304472168e-01,6.924708753779899029e-01,-4.013024950519795270e-02
6.878739421866673087e-01,4.039873160220011639e-01,4.926929303188527483e-04,9.237997328316462919e-01,4.828224084946921013e-01
7.819475595467072493e-01,2.404454170166114013e-01,-1.528566731343112758e-02,8.520290768167172457e-01,5.687985848370136210e-01
8.542361115063327182e-01,1.068088455122205405e+00,6.064575746774102383e-01,6.282037460086359326e-01,-1.986844339279814908e-01
8.970755202622047175e-01,5.795782113326979346e-01,2.080604808188192822e-01,5.400432432385147141e-01,2.920867399989528490e-01
6.392764492447259306e-01,3.273311774345855074e-01,4.690382705903550220e-01,8.782596239924789217e-01,2.943891352655526039e-01
7.416580591433153957e-01,3.802648725907903371e-01,3.178639752035032906e-01,7.960233677406726160e-01,3.340919087860996228e-01
1.087657017076483879e+00,1.946782402306110882e-01,1.569797381965340466e-01,7.572314086140821132e-01,3.296495787461522498e-01
6.225195571877260026e-01,3.069252498141042951e-01,-4.363637812335184607e-02,1.127049896689978459e+00,3.196931955649522927e-01
8.947032644075278984e-01,9.523443388421377609e-01,8.272758620376137184e-01,6.275510258395087249e-01,-2.447051176599034927e-01
2.757011750780402615e-01,4.342484917480253503e-02,-2.116054443398597551e-01,1.492646294953186459e+00,1.111381949605800612e+00
7.137750095556796293e-01,1.687690513064644959e-01,-8.344670333731739331e-02,9.577014046290968086e-01,6.157770665832401624e-01
6.254630494956946452e-01,8.705353961787350159e-02,2.576320561775051754e-01,9.609807231192130095e-01,4.802109110676860415e-01
7.459166660916660696e-01,2.998489024961798477e-01,2.395720514339026164e-01,6.955407534961731697e-01,4.176854490235570316e-01
4.265203559831439728e-01,2.916472795574951982e-01,1.803172905648344967e-02,1.024874624209963114e+00,7.950811897074997470e-01
1.726070189702930968e-01,8.360423801555072476e-02,9.033045295194516711e-02,1.267720869866938660e+00,1.053133449983905123e+00
8.335671713416846762e-01,1.090729654119327208e+00,6.401796491252889076e-01,5.204664483598585578e-01,-8.400801044933570161e-02
8.916876430865201542e-01,1.323432308391340406e+00,9.887937923127908535e-01,6.433026923519826745e-01,-4.392588027422563712e-01
9.943219993515152177e-01,2.133955444690715519e-01,-2.235736791802618584e-01,9.988415730633360967e-01,6.108518963007762981e-01
9.414318578662427273e-01,8.763748057254271417e-01,7.460433275486181293e-01,4.081661714752952141e-01,8.197319635375871494e-03
1.044968122556237278e+00,2.776386500760885112e-01,6.397340551778976092e-01,4.052657794141280023e-01,2.120923746752746974e-01
1.032154506838073749e+00,2.188159178055908982e-01,3.805865410883214617e-01,6.878822222873316461e-01,3.051418229635680657e-01
5.925220933385442201e-01,2.806285786632443102e-01,-8.491685594667433556e-02,9.355679119365312157e-01,8.376388258166718170e-01
1.081444409823656638e+00,5.487707459195281245e-01,8.506586705744511034e-01,4.926928594261928418e-01,1.039470600059065435e-02
1.170215682207862651e+00,2.421320262389694000e-01,4.700685945849393810e-01,4.624003614246399718e-01,4.050487730478978810e-01
1.025423176052926211e+00,6.399515309086126758e-01,4.346611598511735952e-01,4.544156938310019433e-01,2.595949395994339715e-01
2.694591997897706204e-01,9.692724246235215335e-02,-7.794220565873193063e-02,1.305581095897808019e+00,1.086308822201739854e+00
8.270252475289818772e-01,9.187651537503468413e-01,6.411739224981002350e-01,3.280739446097020173e-01,1.002499704420628107e-01
7.545948133898762178e-01,3.369273564696771417e-01,3.244453705827189394e-01,8.720004349666299337e-01,2.193302092653838797e-01
8.285719521576493385e-01,2.096248544034982342e-01,2.947625391498131520e-01,6.261364888550345897e-01,5.316504007766176265e-01
1.123040384434991434e+00,1.252532748639432203e-01,2.058761487338343077e-01,6.808484900172772081e-01,3.927593549583118238e-01
8.694753669711411392e-01,7.309810449154923173e-01,5.011181316730803914e-01,6.300364754722873606e-01,-7.005338102948539813e-02
9.188506853191503732e-01,9.042855379316263598e-01,9.378600022545293680e-01,3.379026419469906561e-01,8.104349456817448727e-03
5.853951839857655104e-01,1.417255255749763354e-01,-2.241465492853416952e-01,9.937514789708226104e-01,1.145197963050795131e+00
1.158991134724815408e+00,2.026761984834292707e-01,1.756051539524579874e-01,7.182006791548938285e-01,2.822790126559474033e-01
8.551027256903546148e-01,1.178573827134585805e+00,1.178946873627867875e+00,4.582139252757326808e-01,-2.348900467069928721e-01
9.557695293693244665e-01,1.417667778762362607e-01,4.894251657978216374e-01,6.415764700578620028e-01,2.797489915110425440e-01
9.499083226300155669e-01,2.719316628548705261e-01,1.560377380773936007e-01,8.327897106235142566e-01,2.857104768610627676e-01
1.026518386246277892e+00,5.461766589024459329e-01,4.555044229006536272e-01,4.467546342964027195e-01,2.403273942108064831e-01
5.414865397437307326e-01,1.312772915244527494e-01,3.033071497010970258e-02,9.813923755334523769e-01,8.899747769431350930e-01
1.097895462694477464e+00,3.046037878306772639e-01,1.019858938528215991e-01,5.878776271508474593e-01,3.360013004361732669e-01
6.843823095446730509e-01,2.652136943339689079e-01,-2.972885208672838009e-01,9.882772757984742418e-01,9.355202917575112798e-01
8.626636297934269226e-01,3.614814079345405884e-01,5.405331808627519274e-01,5.170386060514287063e-01,3.746049122912552543e-01
7.857853807039990590e-01,3.262865784380122314e-01,-1.985528959991627457e-02,7.194784048044731151e-01,6.618432925180888216e-01
8.391555402032249145e-01,1.534212046085937198e+00,7.953230345304831417e-01,4.266026344986203478e-01,-1.915167835685891995e-01
6.348874380302802489e-01,3.208321781652244686e-01,3.539361553881262834e-01,6.544299254188216119e-01,5.634539561223066428e-01
8.008549456985630810e-01,9.760236797006555109e-01,1.056736176938971372e+00,5.205358047871629923e-01,-1.959864656976194608e-01
8.868280603302393095e-01,1.545874462046679110e-01,-8.281802421723341578e-03,6.902770766372119393e-01,8.565933193318739924e-01
8.066516403346739583e-01,7.083235480472523937e-01,4.081972253252724725e-01,4.464643494231754217e-01,1.842459227465456928e-01
9.292443922755644348e-01,9.365254304779717653e-01,5.821885813069084259e-01,4.457155790163289111e-01,1.225452766525923949e-02
1.996927314487593197e-01,-1.890499554844891558e-02,3.514105460901548739e-01,1.244163196561283602e+00,9.378114437252740299e-01
8.757603088716544582e-01,1.623743555264203775e-01,1.343483331283014566e-02,8.177708470652143014e-01,8.286200352151651405e-01
9.148992162538975847e-01,7.160044570520657237e-01,4.120305817868867293e-01,5.125018332368955765e-01,1.465277421618873255e-01
6.298303757974132999e-01,9.983590638414484575e-01,5.461531572219111563e-01,5.837944875292561120e-01,-3.154917126031629715e-02
1.931232455926689962e-01,5.442816310563395321e-01,-1.174487101564617442e-01,1.063130070871420640e+00,8.729767404853104873e-01
1.084166757031016060e+00,1.948592580969425447e-01,-2.410841620718200476e-02,7.072374221345097967e-01,6.928753289082622002e-01
1.166391604587927233e+00,2.003979573473739159e-02,2.299641389700990968e-01,8.639325968000272082e-01,3.987250180659817067e-01
9.497360762298839854e-01,5.733774187457422178e-01,2.380044730555362364e-01,4.475946300921283538e-01,3.840290744574972881e-01
8.851785967184423454e-01,1.077236936894035768e+00,5.241711029382875031e-01,4.075495749171027526e-01,5.887479930369380471e-02
9.219193019951795742e-01,7.395585410564332607e-01,4.362678482572793781e-01,5.435543105510334261e-01,1.189308902796819140e-01
1.030885392870935169e+00,2.387550686077001272e-01,-1.947277126027865402e-01,9.460658207197564229e-01,5.868599932063142122e-01
6.790435935184435667e-01,9.153028613741359676e-01,5.832208131649945226e-01,6.440492003687890987e-01,-6.668008934697252331e-03
9.822903129185497351e-01,2.937186184302358893e-01,-2.222392344500770944e-01,9.395167571417540886e-01,5.577504442520582195e-01
8.068749925218957619e-01,8.677093742408826804e-01,8.932694585826204126e-01,7.294772824369638586e-01,-2.312081126979715351e-01
9.062839837959607570e-01,6.241957720781419194e-01,8.542546791974775511e-01,4.273721498671422814e-01,1.007503219038727166e-01
8.542232238280960122e-01,-3.593083595591368279e-02,1.022809573409576289e-01,9.374372110134303604e-01,6.309833201372263556e-01
8.947582933202032907e-01,5.952954498464102517e-01,1.038513856520645873e-01,7.786316616849729977e-01,2.707121665745824690e-01
1.674437265833575439e-01,2.719780121970334363e-01,3.763990802643628619e-01,1.170349627468042719e+00,5.224248130186502914e-01
9.655895797896827393e-01,2.030943812329186471e-01,-9.600836760764736022e-02,9.054043162183221805e-01,5.028650890028253384e-01
1.039018521748520607e+00,3.112918646040673809e-01,3.341262422341648858e-02,7.596264355029284099e-01,3.624514786274476430e-01
1.155881336948823002e+00,2.502703761207132893e-01,4.441047693973132482e-01,7.664674092938282834e-01,1.149067987558947956e-01
8.691568879866862218e-01,7.938548224657585584e-01,7.583124687823561416e-01,5.857412581961681797e-01,-7.027399565336296672e-02
8.556855328250769777e-01,1.058711367110368506e+00,6.397766062556297095e-01,4.354575774087369733e-01,-2.061639961589738484e-03
8.066018186703958204e-01,1.419440225760363772e+00,7.190527130088695262e-01,5.839923363591875694e-01,-2.913023302655968205e-01
1.004227297504674654e+00,2.363901337932641511e-01,-1.491918173207957589e-02,7.082577901145559185e-01,6.009491954794747848e-01
1.048153476823473040e+00,4.129163206162587973e-02,1.855691351372617814e-01,9.227713501147013497e-01,2.965271962338233425e-01
6.663154963216076920e-01,1.117399456134081509e-01,-3.753205449926576287e-02,9.569901516545202824e-01,8.845976387716630862e-01
6.042893729989837204e-02,1.246052222999010500e-02,2.871135878143682985e-01,1.444973789616815329e+00,7.662399845992964309e-01
6.828710879553547830e-01,-2.966809065124224182e-02,1.611601338485120771e-01,1.073127807151375457e+00,7.981237506196271481e-01
8.176491224501356569e-01,8.084664932733524045e-01,5.370386482754391233e-01,6.465488076998283651e-01,-1.233746675213812788e-02
7.337283997351727871e-01,2.099916249229581422e-01,-2.166561825204403602e-02,9.601415052817430240e-01,6.062296150806347761e-01
6.567000517121184267e-01,2.733975383828400885e-01,-4.877293119688892037e-02,1.037392052843629342e+00,6.692212116117598475e-01
7.782550853133467506e-01,1.337978694272342395e+00,9.094958181520488294e-01,5.824663681823086803e-01,-2.545444349112793714e-01
1.083651495563482392e+00,6.126632695207598900e-01,5.459827970711057521e-01,6.458832986238995932e-01,-3.101693146976944315e-02
8.778416680735290356e-01,4.421493427182002223e-01,5.294573262893224053e-01,6.340471619846378415e-01,1.613914336088127510e-01
8.239516523369391221e-01,5.965413564532190405e-01,6.389060561990392850e-01,6.508007815663530149e-01,1.775421655304687193e-02
9.283924191207953980e-01,7.872177474725314816e-01,5.032863239932980903e-01,4.783567981735832308e-01,2.639920444129101873e-01
1.804735385167549055e-01,4.553277316079240578e-01,-2.175077535992819833e-01,1.163863460139135997e+00,1.259082079558125011e+00
7.475939434310627796e-01,1.282505235695645673e+00,9.472968163560476773e-01,4.776224735087086781e-01,-1.604296023286840289e-01
8.281205750049910330e-01,8.637564947486942035e-01,4.227609508812063543e-01,6.484480286102853874e-01,-1.694010316112251613e-02
2.117722668972582545e-01,2.568927244922658004e-01,4.672039464728575814e-02,1.158729389608821547e+00,8.875294623847493902e-01
9.366597851770503969e-01,1.937261439481360870e-01,6.658195372508256271e-02,7.241867423342726040e-01,6.299470965384539323e-01
9.830635390825257502e-01,9.842791013626173147e-02,2.709295636110574737e-02,8.329289320453345802e-01,6.700317781519586902e-01
9.698449051807241927e-01,2.535453719285206686e-01,3.032481403689050170e-01,7.440582694270267972e-01,3.434999237512744164e-01
7.741865293721283958e-01,2.673212482656532885e-01,5.705311858939854375e-01,5.888519993567095101e-01,3.680582634560837230e-01
3.008384108766653520e-01,1.416818665283820777e-01,2.067671263168520124e-01,1.064339260757366068e+00,8.708753690494190902e-01
6.618973722788847880e-01,8.907978147638253574e-01,4.643232615395606611e-01,4.252287447055124736e-01,3.414996203544747311e-01
7.617726603799045426e-01,1.385684726967606695e+00,4.632475288982268458e-01,5.312800913153896687e-01,-1.156417261395478457e-01
9.345185202558600190e-01,-3.957371146002543888e-02,3.301529777102373275e-01,7.019718966447138220e-01,6.270178285080447722e-01
2.285669263428263542e-01,3.499169391975713306e-01,5.464646084145191596e-01,2.659322546194858861e-01,9.624658328195694335e-01
-3.152324154280117252e-01,4.983791965727984996e-01,1.708574885605867733e-01,8.018054744359360830e-01,1.510125261041029621e+00
3.597350692776827286e-01,7.342302676602771028e-01,1.277123502396761090e+00,2.889674221421918432e-01,2.566270850191468833e-01
2.979867348450208064e-01,4.660066136017206873e-01,4.180449742070344588e-01,8.724348487625189774e-01,3.487200600641852111e-01
-1.729648359085810549e-01,5.447027921615870127e-01,5.277400967679071186e-01,8.119229059602598442e-01,9.884116594515096610e-01
4.747340350689324001e-02,4.544602972123297779e-01,4.693927794690829214e-01,6.086041540571728303e-01,9.630235742906609886e-01
-1.285097476484267920e-01,6.338079448238785885e-01,1.817271627596824812e-01,7.970135688257123929e-01,1.061364590621747483e+00
3.610820179482069348e-01,1.410092333078059035e+00,9.067250882630363273e-01,4.030396384007043920e-01,3.551829862480922889e-02
-5.026214769676941030e-01,4.476384761363784159e-01,5.847868611325810484e-01,1.182498665936006388e+00,1.131747956989465953e+00
-4.166028518772896261e-02,5.515777262176824181e-01,3.134929093746749440e-01,9.640421240925539648e-01,8.068055116349492906e-01
4.044644507978451542e-01,1.170111162206662447e+00,5.542964951289702791e-01,2.702417731304369575e-01,4.724880190520684420e-01
3.124502105242460970e-01,4.211334033603365834e-02,2.862516413377950708e-01,9.710378003936165348e-01,8.320487857929621534e-01
4.042482646243804045e-01,3.123734555643303823e-01,-1.705187946833258139e-01,8.375830232643511897e-01,1.044006486358764141e+00
3.374741479586452209e-01,6.800099099787573209e-01,4.512035734519331820e-01,7.290092955674628561e-01,2.902708580061673094e-01
2.441592725170750322e-01,1.898194782090516508e-01,2.448373257183248664e-01,7.619729996217010637e-01,1.034413833595017485e+00
1.522897776648688695e-01,-5.697025530339216992e-02,5.668316592269208032e-01,1.065940363843087324e+00,9.965606143913552373e-01
8.336171620138604910e-01,5.742846757849210393e-01,4.518154003081175651e-01,5.244676215530668095e-01,2.346283587063152931e-01
5.647078775920574278e-01,6.874302060943386292e-03,7.449239507944133143e-02,9.279976077986334948e-01,8.661222636159451316e-01
2.947041243649611841e-01,-4.538635859087981061e-01,7.963612603349967678e-01,1.140102065196627601e+00,9.083028943268426358e-01
4.285747661457604551e-01,9.241978528792037240e-02,2.298940276822419859e-01,8.166299519817689090e-01,8.460235296214995149e-01
5.458191417526480071e-01,1.048680595115995873e+00,1.239796059613283985e+00,-6.442326912136729644e-02,2.176945682646534430e-01
5.619541490396210426e-01,7.887510413832062861e-01,6.373795751332783643e-01,4.570204035055998038e-01,1.238480295135172132e-01
1.426900579067414410e-01,7.965577878127799716e-01,4.314359081049307654e-01,6.405971588937038330e-01,4.818787137310359125e-01
4.189662410884651411e-01,1.947196065233271212e-01,8.545748819628612089e-03,7.411951149898604596e-01,1.249571501465365442e+00
5.731607355152817940e-01,7.670924299577198680e-01,4.897114104148080904e-01,5.523385530765887452e-01,1.805227872672915401e-01
2.594242454621657479e-01,1.969405725722178646e-01,1.105070303331719128e-01,9.268513827678022121e-01,8.608846660960124408e-01
2.631687357533473159e-01,2.662053343550062623e-01,1.748394687883838283e-01,8.260465851901422907e-01,8.772706602736871639e-01
-2.359585685324011028e-01,5.956075740985452560e-01,2.005672305251720022e-01,9.646080861089270098e-01,9.228240152338396118e-01
2.906770474804000193e-01,6.112017151818786020e-01,4.998954165027130192e-01,5.163872206775981244e-01,4.818280956297997797e-01
4.777599485200500345e-02,1.659250290050552912e-01,3.584496642995265714e-01,1.090689647142692342e+00,7.343691198327828573e-01
2.395719063690682771e-01,1.010441366543430863e+00,1.467168030952576141e-01,6.278312146337098332e-01,4.241363828179507411e-01
7.504843946158061552e-02,3.762256427092184330e-01,2.829075762988775833e-01,1.016012242843388619e-01,1.448293790566511641e+00
3.581127775363905363e-01,7.195720672700363085e-01,5.513719751526842128e-01,6.178406686746823473e-01,1.846186937193402822e-01
4.640958930196541488e-01,5.846642048472199260e-01,4.825014140389689010e-01,8.953333373696519271e-01,8.310037933429421930e-02
2.587599428684905778e-01,7.847117018582596693e-01,4.348809305713607354e-01,8.088107395840010705e-01,9.880455487632969214e-02
6.117893574075122798e-01,8.462574507174714933e-01,3.421487064822469337e-01,7.488475729390485780e-01,-1.748221534467036403e-02
5.535497045027787388e-01,1.090651133277255269e+00,2.255432980150838262e-01,7.695559205516965262e-01,-1.278422290816993712e-01
3.068437923790504618e-01,2.275675358432956430e-01,9.616382210774429562e-02,9.533541158687448558e-01,1.024668230747344921e+00
5.838371507706751062e-01,9.485343607287617662e-02,5.488183782629141305e-01,8.922260610834973349e-01,4.403909504862480451e-01
5.648557305711846555e-01,6.807266445092904905e-02,1.470861643452894274e-01,8.278107157068709254e-01,7.584542543912771162e-01
5.354591974124666143e-01,4.892364077231377006e-01,7.379556329061069953e-01,4.765734149593845448e-01,2.773285896984416521e-01
-1.897147152575528739e-01,6.471735139635832745e-02,1.051944253557878906e+00,1.689258910836739236e-01,1.382331175852231642e+00
4.936060662018303957e-01,1.671319481252598049e-01,2.684080370942967808e-01,7.902109778840430421e-01,6.431464261855144304e-01
6.036587102843627983e-01,-4.897300105091063893e-02,2.156466095068414746e-01,9.351934129707887289e-01,8.339146705042587149e-01
-2.538954601416974488e-01,1.408743779205153368e+00,9.828804403151282232e-01,5.463752385645659349e-01,1.397671880357521657e-01
-3.087109342092201891e-01,8.511741322008238297e-01,3.391981922425928997e-01,6.957075888824851839e-01,1.078958871946495535e+00
8.873690012803046867e-02,-4.494294007582504136e-02,2.232333646948801986e-01,1.197031714773928668e+00,1.039178313545978449e+00
6.201716548958086106e-01,9.024275367416717542e-01,4.856489223527756804e-01,5.520921084696572834e-01,1.022291258116037882e-01
3.595171778789107986e-01,7.944335190642338729e-01,5.031076763982270661e-01,6.078797859453577423e-01,3.360127937711172574e-01
6.278895322612781937e-01,8.903044196479670269e-01,8.187005705533476618e-01,2.949411581098175250e-01,9.196649081334025422e-02
6.356210465033144130e-01,3.374840115093912657e-02,1.531560338101940200e-01,9.728024947541626943e-01,6.896131662810683904e-01
-2.264021781296781666e-01,2.694254993605427750e-01,7.272611375736607320e-01,9.941391774317399899e-02,1.848147193614690931e+00
5.753983074582124102e-01,7.939456503886613836e-01,3.331426880913815891e-01,4.202413936405598460e-01,3.504566263035722162e-01
2.490572731693020125e-01,2.938464489688372705e-01,2.500371571844367535e-01,9.005367181070943472e-01,6.438960609063824059e-01
6.097371207507167323e-01,1.226680244752842208e+00,9.556990422135130947e-01,2.752702616071192043e-01,6.798291432223095565e-02
5.341965746316313934e-01,3.333357187376136399e-01,6.335363260497519633e-01,6.621757838303783394e-01,4.047656822197432946e-01
4.463534082658975888e-01,-1.075347333702115354e-01,6.037021124882251399e-01,1.078579290762862630e+00,4.683017711065705635e-01
7.048132846744156188e-01,8.080302831718657597e-01,5.339549123395946895e-01,2.392638863349958456e-01,4.349341808351405714e-01
6.633989929821509923e-01,7.114412497384310363e-01,7.501488742746356131e-01,5.976604035891621702e-01,1.079418981922269580e-02
7.282369411671516524e-01,1.113958570372306944e+00,8.549275199804039493e-01,6.306152989440255707e-01,-1.705701656719053882e-01
5.960046265421826694e-01,4.209801106701325235e-01,-6.693172594393895225e-02,7.258116516344831348e-01,7.386210589163635376e-01
3.768451128772187797e-01,1.316867368088046608e-01,2.506971126722284601e-02,8.845382663859254757e-01,1.088213887989950113e+00
5.655421996638312354e-01,4.461589868833239492e-01,8.861192202799460516e-01,5.522131606747677779e-01,2.183689670986631859e-01
1.568851413207505430e-01,1.856705998063972740e-01,1.311865145600145388e-01,1.289853713910375621e+00,7.777953379261131062e-01
5.805565671757506596e-01,7.722983168585084712e-01,7.013474687663814322e-01,4.119669981110447021e-01,1.726383761205889655e-01
7.687210270340868457e-01,8.696973403184556917e-01,1.680907373882244427e-01,4.079501585465224456e-01,3.651370012611610538e-01
6.786849183005421171e-01,3.385328411682130278e-01,1.628622586439745501e-01,5.712123171077807537e-01,6.964379169848353701e-01
5.716489995486119247e-01,7.438202173250686444e-01,3.359501962224252236e-01,3.376359121344121861e-01,4.345522456551658697e-01
7.221132124645586181e-01,8.505260258824040021e-01,3.698825080157849277e-01,3.002999898887376840e-01,3.173460214917322997e-01
-1.552295631115444829e-01,-3.400304094077587491e-01,1.311580274829055925e+00,1.099294957492442437e+00,1.058076167004510015e+00
5.885412840264536705e-01,4.627933421725183849e-01,6.581676877087447863e-01,3.278124114305984715e-01,5.270110704954008574e-01
-2.364973050213635408e-01,-1.503270056056375537e-01,1.261084394577461687e+00,5.959722486638129313e-01,1.390488190518890610e+00
4.239112539727287743e-01,1.342966420050222265e-01,2.342202459313923735e-01,6.977548101600400399e-01,1.053750876189794905e+00
3.767597258561798390e-01,9.062549121973055843e-01,9.535085534431888554e-01,7.394981903401552925e-01,-2.578601948175406888e-01
6.038957674783436147e-01,8.447114075447653692e-01,2.695166717826558700e-01,2.895156577820473531e-01,5.834650026623443564e-01
6.634971602895977094e-01,4.274064049623398781e-02,2.016849101824673071e-02,8.534694411218974874e-01,9.754073432397769583e-01
5.761436544100182466e-01,9.226709562512539486e-01,9.211200041311717879e-01,5.211458153272431337e-01,-2.604144331790617106e-02
5.518997612238308870e-01,7.283559029247501648e-01,6.881060344483116431e-01,7.736522601964120893e-01,-8.893620832601543957e-02
4.750151163368627749e-01,1.045043092298813869e+00,9.477342907235393188e-01,4.004464048968251477e-01,3.876920725775102883e-02
8.049814284496185079e-01,5.197789033785895629e-01,4.294506199821996328e-01,3.297759871475716698e-01,4.616140579180885162e-01
5.248461693338577483e-01,2.540297051921479032e-01,-2.838991423514805601e-02,7.887456258933358555e-01,9.329971599563200435e-01
-3.059801488786309531e-01,2.673872763552356258e-01,6.346785034896545996e-01,6.072959211464078466e-01,1.187341264000443264e+00
4.587261705406840417e-01,1.749660562210098302e-01,5.243508255749258495e-01,7.513258144104077996e-01,6.259361373564577002e-01
6.822724723552106019e-01,6.772084805081425296e-01,3.493397930679746910e-01,5.841197402618920620e-01,1.276980996017023084e-01
6.378280055295255657e-01,1.347887652973942529e+00,1.056264644324819590e+00,3.965763480615653869e-01,-1.380927383448158907e-01
3.868027288559154897e-01,4.714460032221955976e-01,4.694614044362190319e-01,5.525799706594088923e-01,6.581339929711954584e-01
6.269856280904528845e-01,1.085384152825774384e+00,8.048717237298151916e-01,4.514720611063977596e-01,-9.752856965094400254e-02
6.025478146872949026e-01,1.485091488423589068e+00,9.263206771164362863e-01,1.891988098037923616e-01,-5.120300070966012779e-02
6.249455901340406072e-01,1.378434865411085175e+00,8.151393153432335836e-01,4.240554569626154291e-01,-1.433073658161139463e-01
5.246313557608313083e-01,1.715014417507003675e-01,1.295126031924209720e-01,7.745391172349342934e-01,8.118747796336316380e-01
7.576983899999010230e-01,7.353948411805495411e-01,8.615249581656769795e-01,4.619574326445222145e-01,8.063483288872422272e-03
5.580449239576802389e-01,1.206339771887254830e+00,8.933531677390594838e-01,3.565789299960771541e-01,-1.193661165188374534e-01
5.516568366990919348e-01,2.981467657503909519e-01,9.957456765871405824e-02,7.188219685660650615e-01,6.950059310866439910e-01
6.154614671479339272e-01,1.416817827978929412e+00,8.096271968428545573e-01,2.620457637496975134e-01,-1.404595918745017019e-02
2.493301427846655594e-01,6.768792979192660153e-02,1.732854897956010998e-01,9.282869948380484404e-01,1.038997758651271974e+00
6.876327841173004440e-01,1.068637890113532052e+00,7.801362883190074982e-01,3.519554166052246136e-01,3.019439121512462396e-02
4.640189515290554234e-01,3.180685646165625213e-01,6.612149696849815017e-01,6.051150480992073533e-01,5.758638114950690445e-01
4.510812189163321273e-01,1.633713417988780892e+00,6.965491120902923550e-01,4.321732706858236739e-01,-8.319964587076593421e-02
5.871728910336495577e-01,5.579010305508452783e-01,6.390936432921348054e-01,5.764007008156111223e-01,2.099355460508584570e-01
5.549301293797777035e-01,4.936888545860461108e-01,4.951523296471283531e-01,5.331031905818480743e-01,4.194012073647270800e-01
5.767420583151806612e-01,-9.168379591979474927e-03,3.918551384009808514e-01,7.571028642779038531e-01,8.175293181897416162e-01
-8.763175311992459082e-02,2.298282870111006404e-01,6.609639599840433366e-01,4.578841256931048820e-01,1.325457337094045229e+00
1.898704909286930975e-01,5.922283383382492827e-01,1.475563468332120876e-01,7.108876476479847328e-01,8.547498447729047211e-01
5.919805242091437103e-01,1.387644670894514709e+00,9.736833145991523608e-01,4.153683241760283140e-01,-1.336579350562358826e-01
5.508300746132671621e-01,7.498581738577353439e-01,5.915056704468019122e-01,3.928576764713706537e-01,4.423388109136506818e-01
5.547408814430101476e-01,1.274557832421793657e+00,7.974999775082424192e-01,2.527428722175045772e-01,1.478792010413784164e-01
6.521202332119852008e-01,9.017528621431571134e-02,3.762091706936907531e-01,6.770247381720435609e-01,5.941886937096921839e-01
6.571825809081778269e-01,1.018761671303957117e+00,6.037511419588414974e-01,4.633716693539132181e-01,-2.773207067150456478e-02
2.205785382771937864e-01,2.985301260931272904e-01,5.652861306810293140e-02,8.908336873231800235e-01,9.945398323524369255e-01
6.642177073803551268e-01,8.306914305970318768e-01,2.344863183309107285e-02,5.121038015857163339e-01,2.444573168834136834e-01
5.572146733412380870e-01,9.266859737504713479e-01,7.525165059338206897e-01,3.855137784987349714e-01,1.808254230664183559e-01
6.310286348528894029e-01,1.713700480745808108e-01,3.035562467157135735e-01,2.150504164251126893e-01,1.101364989387463522e+00
1.781377573558138860e-01,3.678957334021661363e-01,1.326685886252464197e+00,-8.249948926041114627e-02,7.830659736828025075e-01
6.088752461517134285e-02,5.895359856881355887e-01,9.620968318096804195e-01,6.147808638951042237e-01,4.126114786912425392e-01
-2.438086382473757252e-01,4.691824045299726742e-01,3.559346523864582168e-01,9.248933885461746440e-01,9.122242138191264393e-01
2.447697859839218504e-01,7.077227244113410976e-01,9.952450230262268605e-01,4.211290670156951910e-01,3.836559387357786344e-01
-1.597839375451110822e-01,5.865714842218423541e-01,4.632638317301915332e-01,7.548203875835999277e-01,1.031525875769227829e+00
-7.043218951765918556e-02,6.028132628979262497e-01,4.734318653272962529e-01,5.094621020637265518e-01,9.371140229223491325e-01
-2.073403468766221447e-01,4.509114523434512023e-01,7.298583143035105580e-01,7.329429102906394045e-01,8.347048976591872060e-01
-2.843380692691603318e-01,6.208764990872721601e-01,6.893915738620797207e-01,8.681454150098935063e-01,6.275225154183403653e-01
-3.361276078163146219e-01,5.533555161072305495e-01,4.498236592776528320e-01,9.305480768778696676e-01,1.128890003581576984e+00
2.239116713202842224e-01,1.217238694777750929e+00,1.267867986104277866e+00,8.018556491938195752e-01,-3.517364766774802032e-01
2.995823092600339299e-01,1.217711506147130862e+00,4.945335825936759133e-01,3.086497708472500379e-01,3.094539753292925299e-01
5.919210361825865546e-02,3.464722263785168233e-01,5.755261129435561979e-02,4.815263127566687396e-01,1.554951398534468510e+00
4.062414831716958385e-01,9.688990408249447128e-01,7.424249012417054594e-01,2.354228808219003544e-01,4.171746077185338186e-01
-5.151411976945796667e-01,7.620918663454964159e-01,5.678742640629528271e-01,8.929397951923133681e-01,9.274943625400814406e-01
-2.059641662954020402e-02,8.220538518788458315e-01,6.366087850957768968e-01,5.735615494246968371e-01,6.490316945618357369e-01
-3.418247913754733358e-01,6.464526480382101203e-01,7.137131733258484934e-01,8.012581591141924031e-01,1.027094743716389313e+00
2.857882922310941431e-01,9.857379367781300417e-01,1.028861935651384840e+00,4.596742697371126174e-01,3.642465582925641376e-02
-3.604369267281045675e-01,5.297737061764445921e-01,8.387990522796049397e-01,6.554108398403191149e-01,1.012780836960117226e+00
1.534589510949578572e-01,6.188760747998015566e-01,6.528860848816924189e-01,4.802142667353297423e-01,7.862677089440068823e-01
5.823055891517511240e-01,1.035709246071940592e+00,8.581696199292428995e-01,1.443489664058212607e-01,2.740302768580033521e-01
-2.214487903019974890e-01,4.971557643891034162e-01,7.217778834934547305e-01,8.645125677131512143e-01,7.757941082986287151e-01
4.043422458713124001e-01,3.771578720402319340e-01,1.469746700656196836e+00,1.924056507319616971e-01,3.013966414413434269e-01
-3.016303988639684186e-01,4.919548273515664816e-01,6.481270262831179130e-01,7.142427508145039461e-01,9.816073422210630506e-01
-4.329991461575643519e-01,7.622772185884181262e-01,4.224293113827713442e-01,1.106301519341103434e+00,9.374011001352146044e-01
-2.602859948926807276e-01,5.199317437138077924e-01,4.422979862353512703e-01,8.755828396915479317e-01,1.063966987132293873e+00
-3.055281831903975398e-01,6.844930711587277061e-01,3.865941189393753419e-01,8.842997612857311784e-01,8.793357916066300017e-01
-2.865352621361620944e-01,4.025287010701146806e-01,5.542957209043007927e-01,9.553753522829891986e-01,9.881417227316549035e-01
4.553110969836489663e-01,7.933101708537416696e-01,7.463323366227815336e-01,6.505733668149747961e-01,8.197061939131707053e-02
-1.801294717219822372e-01,6.042798394763193581e-01,5.527351628911147952e-01,6.024330958870762753e-01,9.574733893836713250e-01
-2.844498625477600573e-01,4.814078985923069820e-01,5.417490792680998979e-01,1.016151527500808838e+00,7.297769676513687909e-01
-2.232800183364637980e-01,4.437978886505477005e-01,4.529294483916663783e-01,9.919753758013966083e-01,1.056278473538866391e+00
-4.892854790460070546e-01,9.255060153734092632e-01,1.909857128185249442e-01,7.864981116225620017e-01,1.221021025117954073e+00
4.655456861358059917e-01,9.824575263290440119e-02,1.071843118433552622e+00,1.998730583546320105e-01,7.378897408567708371e-01
-2.319131719563596872e-01,6.301405805127490156e-01,7.901920498576630036e-01,6.026193406781640283e-01,8.875153391160568450e-01
-4.389399057534931203e-01,5.247149320846897780e-01,6.238994353404655469e-01,1.191244004285480385e+00,8.956488586540694019e-01
-3.686440555947914643e-01,6.121763445488824784e-01,4.263330352690934411e-01,9.056950613151383278e-01,1.011394701764142479e+00
-2.067904085046717022e-01,3.950302222902768445e-01,7.247523259736756707e-01,7.995591841414906309e-01,8.351355420932708995e-01
3.064375730248943275e-01,1.073467937359835922e+00,1.037377400784724069e+00,3.728328862444876268e-01,1.522353470860805524e-01
-2.669088982811629873e-01,6.729846107607696526e-01,5.962083558409099204e-01,7.465696259795386869e-01,9.268151510048974195e-01
-2.009114143855993129e-01,2.931820496289184730e-01,3.297998118404443235e-01,1.030914643215592674e+00,9.764285559082869215e-01
-2.422690198903285907e-01,4.209134452360045464e-01,7.268603779660703923e-01,8.444244890847106833e-01,9.380113333448203417e-01
-2.978022428139028288e-01,6.828899261916518970e-01,3.686617672127204259e-01,6.627374484397016152e-01,1.071192556055302614e+00
-3.513139278951001310e-01,2.396713947949866141e-01,7.160267526057116916e-01,5.006149363056571211e-01,1.585228944165458120e+00
-1.542290985437966278e-01,4.046218108189976737e-01,7.463144677323139131e-01,7.809740610142601458e-01,8.104771287660638146e-01
1.926658024273144310e-01,7.945756583015090024e-01,8.902720293374808413e-01,4.306405821257416888e-01,3.995371630635063398e-01
1.137694480435846311e-01,5.995855243941653479e-01,6.295885815403442498e-01,4.615450514244770486e-01,8.404801700502495532e-01
-1.007844303694666044e-02,7.858302761199827957e-01,1.046727560270086288e+00,5.299442419908203528e-01,4.416660808704900854e-01
4.419386661154905971e-02,8.682826166890116326e-01,4.541250434479255915e-01,4.407617624183101102e-01,7.813180403680721753e-01
1.691197935313354661e-01,3.504659898971729803e-01,6.845937207326401319e-01,6.625548663375633307e-01,7.410033559927508007e-01
3.014551921793959810e-01,9.807339072148856252e-01,1.100325978919741265e+00,4.454148994044375143e-01,1.768629481727757580e-01
2.055734313276237069e-01,1.008565327796869804e+00,4.592580271895487232e-01,3.246513237202936497e-01,5.991799175900681673e-01
-1.285896900287337163e-01,3.821648149355640900e-01,5.179561048170361337e-01,9.596461786513170722e-01,8.152472907771981525e-01
-4.727117059082583395e-02,1.503652147293302044e-01,5.004687967812060378e-01,9.618639039401764013e-01,1.008543035390980114e+00
4.007293371166926188e-01,3.129378284343996008e-01,1.280894623007957867e+00,-1.270824572539989428e-01,7.241313674664715538e-01
-1.720418028016659495e-01,3.037346897206200103e-01,1.910612436686000004e-01,1.113661059266799036e+00,1.169368190816132413e+00
-4.102934252981141339e-01,4.263310935010032332e-01,7.217796898805335370e-01,1.040754073156997750e+00,1.019806757785179263e+00
-2.824929542591392839e-01,7.616273402940167969e-01,8.256193423751990723e-01,5.668573411443263987e-01,9.810053243228651354e-01
-2.033511834256488959e-01,5.597526492663330577e-01,6.225527820867265971e-01,7.607267975850297015e-01,9.072216106097408250e-01
8.890479284158893380e-02,2.798090150980767077e-01,5.648305683802776755e-01,7.981339342110947976e-01,9.899061423397172987e-01
3.870409438312111261e-01,3.541570072977140438e-01,2.893578043072173034e-01,6.520025009704113472e-01,7.965489166561872114e-01
6.139169293725684762e-01,7.396283789964328559e-01,7.190279670780141963e-01,4.801592771379049607e-01,2.567701394550253591e-01
5.829346968291980735e-01,1.260622715053361542e+00,1.031282656497806594e+00,6.841181432853884470e-01,-3.110589370851461477e-01
-2.676373196982229086e-02,9.774139984617354893e-01,5.409260996049025660e-01,3.879478495758593160e-01,7.253212960734580772e-01
5.474427879031703581e-01,5.408139161862103306e-01,1.321566243648185424e+00,3.154340897845962777e-02,3.510098360000358242e-01
1.228467889386257034e-01,3.501311772571795711e-01,2.046137510805435822e-01,7.465617379180169433e-01,9.670498385319044043e-01
-1.666109409202423952e-01,3.872856123078177171e-01,2.166744688028529875e-01,9.902430650283250424e-01,1.164260676583978249e+00
-3.946484518550464338e-01,7.151526954653297796e-01,4.673821939409796289e-01,8.555275761071482465e-01,1.060439517251732466e+00
4.831057213889433100e-01,9.378546413600191700e-01,1.179181521777342700e+00,5.115692324101432931e-01,-3.787605780024806690e-02
2.267676195439281839e-01,3.482923384706809733e-01,4.620172318486647778e-01,6.587044286022184503e-01,8.776280510228923193e-01
2.386814381057251674e-02,2.923603803414100977e-01,3.703778384610461050e-01,9.144390429847166768e-01,8.379681422435372173e-01
2.310962499890033828e-01,7.855487782358021587e-01,3.470357076352559300e-01,4.184136640077314451e-01,7.210549198694334860e-01
-1.560691197624277105e-01,8.053757260343600288e-01,6.804085695709682913e-01,5.350883572672554545e-01,7.765557246386571855e-01
5.625224918329003732e-01,1.533025839830685078e+00,1.162251302292854449e+00,6.542081623028309645e-01,-3.711649258122146633e-01
1.715177274558893350e-01,1.299656941405068933e+00,1.038493697194426968e+00,8.999577519693833239e-01,-2.678394877536965368e-01
6.432674746448688863e-01,7.858577033669053025e-01,1.049003053583197120e+00,-9.810431933425972639e-02,4.344100037912787537e-01
1.400495102767066180e-01,3.716102722071133457e-01,3.370156992066195012e-01,8.040985159008662286e-01,7.011875517167067695e-01
-4.867693434633182936e-01,7.032639594239769032e-01,7.318229816070155325e-01,8.830995501568903450e-01,9.019203822359475042e-01
-3.212796437602966071e-01,5.057568986970321090e-01,2.963429662430072109e-01,7.420240357365839312e-01,1.248382904981763852e+00
-1.893109477203288316e-01,2.333956241381063279e-01,5.474833791915193482e-01,9.650453425110269157e-01,1.021896021115085373e+00
-4.112164443803704716e-01,6.348816174423668190e-01,4.070765603840688085e-01,8.844642191462408487e-01,1.056424133420421851e+00
-4.102529216909621135e-01,3.971207373606789326e-01,4.834124546929167154e-01,1.000816698710426333e+00,1.056559319566575228e+00
-1.900100736094038900e-01,4.300904423448386749e-01,7.416765541645153892e-01,9.311916890565555827e-01,7.301193005528040514e-01
-3.621400206041574532e-01,6.624188328894391464e-01,6.203545302453152832e-01,9.862652315179267770e-01,6.128620687940080636e-01
-3.637521957175675613e-01,4.252964481976022060e-01,5.379805418993398591e-01,1.008693545144754067e+00,9.288380852263021792e-01
6.226221588588443101e-01,1.530918438918284830e+00,1.471842433838925990e+00,1.157638870980229884e-01,-1.166048219722048002e-01
1.910264399734048213e-01,2.351392778983249499e-01,1.271624821022172558e-01,7.226547900337673136e-01,1.387738529121244069e+00
-2.773773155499768550e-01,5.831224840410645927e-01,8.778538780030821498e-02,9.796459127201897488e-01,1.004877058067155993e+00
5.416324178744428286e-01,1.244843707497017338e+00,9.425374797260638315e-01,4.781398739150095611e-01,-1.478973566492129965e-01
1.939139924564408646e-01,6.080285249623103017e-01,3.033702247097594396e-01,6.516001834819455940e-01,7.456086847263051487e-01
-4.961193121467266653e-02,2.565178654800588931e-01,2.136443859086070360e-02,8.127770223317295484e-01,1.687023100668976650e+00
5.544892579216714745e-01,6.839266455008049528e-01,1.294676352859056023e-01,4.109399930110694266e-01,5.545419003242483269e-01
8.299973878366188884e-02,5.993484110001909837e-01,4.876901589853511187e-01,6.004686904598168784e-01,7.615008975891264242e-01
5.027631521264839254e-01,1.344709726754828694e+00,1.074507906849546224e+00,6.427272535993118208e-01,-3.185584713342499708e-01
3.405877257140755288e-01,6.984815410552247528e-01,6.908396934546545687e-01,3.787310382971972866e-01,4.797580265168647773e-01
-1.393790492228808853e-01,-1.146681877716320269e-01,7.884054484675901975e-01,4.935899901612294527e-01,1.657065396718383266e+00
4.039269378112499975e-01,4.665885584220486604e-01,1.967542876971745680e-01,4.414956030510425178e-01,8.691612415045126827e-01
-4.040997939311570530e-02,2.304813403422495133e-01,1.594886919542703729e-01,8.404419780116939576e-01,1.292150870389167316e+00
5.618433439121719442e-01,5.731494588373541310e-01,6.273495466436701529e-01,3.241322834470052316e-01,4.692261791034921248e-01
2.477220472683867858e-01,3.727379998820833928e-01,6.812108901252074133e-01,7.214099298545832983e-01,5.435657048663744551e-01
1.280248612342758593e-02,4.739321105228908038e-01,-2.717891862528729486e-03,7.929647010375727723e-01,1.089769278988369283e+00
1.013590006699387203e-01,2.785603171187995830e-01,3.929449526612533439e-01,7.955595241937137851e-01,8.421592535159708737e-01
5.947227451355202588e-01,7.857484107777483739e-01,6.740154092714960576e-01,2.131807084459080848e-01,3.847984769541901162e-01
-1.234259372885957162e-01,3.888527367038224214e-01,2.683457012692933019e-01,8.430920915697016627e-01,1.118512458227201911e+00
-1.292724318942310158e-01,5.254131713229578393e-01,2.092775849810491196e-01,7.815142589227033199e-01,1.140539876895787952e+00
-1.036537378927213648e-01,4.364314195192596224e-01,1.079597097021399305e-01,1.061762641570353827e+00,9.840890924108427473e-01
1.437852048049921561e-01,-2.308935471114752780e-01,8.288341185797892807e-01,7.052597681238971239e-01,1.110760609476821648e+00
5.502553235611168381e-01,1.112881934185989019e+00,1.283060862485492226e+00,2.681674057775360054e-01,-8.698918192807993111e-02
9.306885925672763252e-03,2.462414240275466182e-01,2.803873975189155043e-01,8.550499583673308868e-01,1.041479318150089428e+00
-2.024381634595137647e-01,6.181319010687912341e-01,2.864261316417161529e-01,9.936705360092641381e-01,8.557020080366208870e-01
-8.114678266032124276e-02,4.388920542067471509e-01,3.194326057913503547e-01,9.029944588094181990e-01,9.764065798377705718e-01
-2.286188006287531715e-01,8.140984721493326193e-01,3.091321670475618566e-01,7.085057036218295190e-01,9.325480168879900500e-01
-3.233797980260432609e-02,2.977417896145183596e-01,3.338206398442641332e-01,8.524819204095736014e-01,9.592720365629253676e-01
5.442472973477348042e-01,6.247051856922606339e-01,3.464198449489628850e-01,5.112982370877570126e-01,5.585887501344263262e-01
-2.172999566938327298e-01,7.969629234089830039e-01,1.954223327154444856e-01,7.169742205461636653e-01,1.131486622195517544e+00
4.013191738041682610e-02,3.470672968379595602e-01,2.708311971175127453e-01,7.581272117148023515e-01,1.162175187161027079e+00
-1.607531868002843034e-01,6.264626840991394108e-01,3.431944454956430413e-01,8.244081541500564159e-01,9.987114641679175620e-01
-8.740024060704963682e-02,3.264565750246695708e-01,4.531949707718086473e-01,1.023210616795066530e+00,9.086193574174364906e-01
-4.389100048711078728e-01,3.161830040591569468e-01,5.041849083954759170e-01,6.408939249691512074e-01,1.460753666322355704e+00
7.061244322175742882e-02,5.193622662665233758e-01,2.975565696360650270e-01,8.738722951538773209e-01,7.841991345005417946e-01
1.216582243845719946e-01,7.244308874976554957e-01,8.972520630396668695e-01,7.597381815967091390e-01,1.721846975440039229e-01
-1.532164692872003686e-01,7.370187160013572658e-01,3.104383060758177382e-01,6.884983070113861459e-01,1.036740346338066443e+00
-2.547726970313820005e-01,5.765410849926955184e-01,4.015129690667964546e-01,1.010883367822664969e+00,8.780234925624539333e-01
-1.076501460324836290e-01,4.524820107014584369e-01,5.994020143905832987e-02,1.082010255501556273e+00,1.057252112170956604e+00
-9.867166355081943840e-02,2.895081524370238246e-01,7.027051799024156553e-01,7.140589806934781736e-01,1.020846022445672130e+00
2.202283962958333230e-01,1.804956236806050940e-01,3.021065787724559470e-01,7.593742651949043632e-01,1.132149694524198669e+00
-1.691266484476913468e-01,3.448532569170780215e-01,5.045526914376468053e-01,8.692167085094532064e-01,1.087191357794111024e+00
-2.995175920948506959e-02,4.715571889575023712e-01,5.532320941516452040e-01,7.980315842703156193e-01,9.282648212052851955e-01
-2.041394178480442911e-01,4.230519380191714585e-01,2.067945039360018500e-01,1.080630913295579587e+00,1.199970006919895305e+00
-1.532261584811846766e-01,7.519671395309379669e-02,5.638673687671555967e-01,4.768900341237938267e-01,1.668861779816602109e+00
-3.189595260390435394e-01,6.823813475567009901e-01,3.415213222742542465e-01,1.014537957869368956e+00,8.925919978996534887e-01
-8.928813178962867469e-02,1.683702531510741229e-01,2.369712647322363419e-01,1.062697709498367837e+00,1.293195744010102732e+00
-6.036123972375120189e-02,5.415569519111648189e-01,1.536317686020684525e-01,8.710189261721481557e-01,1.049755837036839168e+00
2.676046167015859734e-01,7.502788406281686306e-01,8.210193172302082676e-01,5.928271226011941897e-01,2.484140507230732375e-01
-3.239491115256664666e-01,6.807409936806969597e-01,4.288724007088940970e-01,8.028413395115665541e-01,1.037622505735355638e+00
-1.762005721776320200e-01,7.397213993865607851e-01,5.187969301669301814e-01,6.756102603414627650e-01,9.545691395808231228e-01
2.225869672884627504e-01,8.320799830151703880e-01,9.571966643647229489e-01,5.583185300164158482e-01,1.396093536983943340e-01
3.095402480489365185e-02,4.664554927966876319e-01,4.377153384322065577e-01,7.342353987439069751e-01,8.736823853556311414e-01
4.439363343149859698e-01,8.440897260448555484e-01,6.969680792929544566e-01,3.162022135919665411e-01,3.692134346448430193e-01
3.042126991128200203e-02,4.879274819426959175e-01,7.283226466548349265e-01,5.451170041270236855e-01,8.355213727708920013e-01
-1.821352626915262729e-01,7.022297997549346027e-01,6.253503435487163531e-02,8.441058315720265659e-01,1.097396994768117029e+00
1.040418388121589627e-01,6.553709291315261698e-01,6.438417061279992915e-01,3.882769311809475266e-01,8.397160088460058347e-01
1.624716562911382722e-01,7.408218252731960662e-01,4.035721464222167265e-01,4.100585339532140661e-01,7.453396351983595514e-01
-3.036056161340835655e-02,6.866113281080276076e-01,6.576655553598942383e-01,5.902212786497545993e-01,6.601912944644562353e-01
-1.774300666912408397e-01,5.321088286944190004e-01,3.535935851723114309e-01,9.060222741999953699e-01,9.361058416389492765e-01
-2.146358455051519676e-01,4.268743275651610825e-01,2.766296035713065038e-01,8.526000123197715608e-01,1.217137299427870856e+00
3.217635777217398019e-01,5.442981155064553489e-01,1.163314100983479094e-01,6.514056869086205515e-01,7.911448055067191731e-01
-1.121465201164756065e-01,5.799954830303153397e-01,3.109023702635470010e-01,9.353743266438404591e-01,8.442153108404053530e-01
-2.297157065237907803e-01,6.108095441603633713e-01,5.329008191395907812e-02,9.979043580323118112e-01,1.208999764590511949e+00
8.831181832680801147e-02,1.592302859624961930e-01,9.601472973829563440e-01,2.319828121870838034e-01,1.003567780993148917e+00
-2.425466824260612830e-01,8.886951633290819386e-01,5.770667726223603911e-01,7.606876939640104807e-01,8.492867714341185703e-01
-1.187372801834399305e-01,3.607737268226166583e-01,2.657135049549895767e-01,1.061895092192377543e+00,1.015582735330011532e+00
9.831706571035188358e-02,3.828044965148689194e-01,2.880551575292318311e-01,7.960094827298946907e-01,9.747180503858442480e-01
1.925641880197420386e-01,3.252027528310637017e-01,3.434764163555514282e-01,5.804296541430662426e-01,1.114504312100834449e+00
5.666867764229257531e-01,3.673393375236922442e-01,6.609264324054271444e-01,6.481126710265591173e-01,2.822789606639996562e-01
5.769014509698888737e-01,8.185668446579789093e-01,8.403205700323417293e-01,4.448929401768315084e-01,1.683079483143192501e-01
1.752574896370155400e-01,5.015893869074548039e-01,4.553260325282338927e-01,5.180887711290339537e-01,9.145766833276732788e-01
2.080689338625130863e-02,3.011085322359504102e-01,2.745784850080784656e-01,8.185748531984969878e-01,1.181259242542330057e+00
1.636064293526707791e-01,2.651780673252833176e-01,3.946232678287312501e-01,7.711299495556671602e-01,9.080109719807114566e-01
2.265924936465751327e-01,2.445978810977999796e-01,1.099052691496197109e+00,3.757676042227875990e-01,7.964339159825861714e-01
4.168315128312073403e-01,3.135046796567779182e-01,4.415340699518366385e-01,5.592031414711329251e-01,7.730712736673430729e-01
4.071333800324322127e-01,6.099956878254190196e-01,3.028091786436885591e-01,3.693011970677369527e-01,8.787516261119295846e-01
1.707186667791089907e-01,1.113138170280249195e+00,5.954100153498991244e-01,3.382456230263174435e-01,4.368554575398072015e-01
3.790275107911089125e-01,4.457590783991137728e-01,2.117853176887400934e-01,5.762725492296264518e-01,7.004462240710001009e-01
6.229512695621063356e-01,3.276186374827560477e-01,1.911258105411464958e-01,6.462003841918974034e-01,6.520747285296023543e-01
6.847030480801706565e-02,6.123265571650514660e-01,7.441860897019861865e-01,5.406019789571439027e-01,6.717601335232273874e-01
4.744495398628504890e-01,1.298704321710976384e+00,1.231488033516833447e+00,6.437212451356693066e-01,-3.115636212524491855e-01
2.596677857131448053e-01,6.606162080234192491e-01,8.409056070799381111e-01,4.921136011387456932e-01,4.831163211756115405e-01
4.324416857012754467e-01,6.765685020671581285e-01,8.757613411533926584e-01,3.648068149408247307e-01,3.500660745210166791e-01
2.958652067919548267e-01,5.598279624993159898e-01,4.026925023696486527e-01,5.486402118888591417e-01,7.970176968016180474e-01
1.766178076137835118e-01,1.044921905921541994e+00,8.701198694855641902e-01,3.086902744121131636e-01,4.337152163664211857e-01
7.417247163919026276e-01,8.877918009922325382e-01,5.305570304537162718e-01,2.581039640403491320e-01,2.981352101300273616e-01
2.156423293298685429e-01,4.412803122700222347e-01,7.118299759822774853e-01,4.250087176693452817e-01,8.051233945044331541e-01
3.481840551520202776e-01,3.009813290949029940e-01,3.136740191168820302e-01,6.292723173278050863e-01,9.360215395768110014e-01
6.362307326305091659e-02,3.385480186632533472e-01,1.410466910663838724e-01,9.310042339494026820e-01,1.069156959664896211e+00
-1.169724610223168287e-01,5.658549858685510969e-01,9.019423351848419868e-02,8.088351590181526163e-01,1.143172278703582068e+00
5.331825869022622788e-01,2.507638850134599195e-01,2.074820069192958027e-01,6.984778365521119303e-01,9.353447646351873423e-01
5.582198895510543935e-01,9.553778016719575161e-01,4.141807064352167056e-01,4.964601858264208190e-01,2.213547275223558264e-01
4.386693978127635951e-01,1.045874672453961818e+00,4.726906729761589099e-01,3.399651806286775324e-01,3.588177228186746892e-01
1.767815622809425780e-01,5.462574723875540661e-01,-2.865720431156471015e-01,1.069054922325600732e-01,1.790114314929332595e+00
4.491769665774177911e-01,1.338335313708643781e+00,8.684931846786267950e-01,4.500772021965291358e-01,-8.045023583992998162e-02
3.857735630287697504e-01,3.938319088239526922e-01,3.860612812527685067e-01,5.716300272840866281e-01,7.678424631526188371e-01
-3.000475731901374732e-01,3.550202479575192416e-01,3.619306336059794904e-01,9.758144869058656967e-01,1.350476967799998373e+00
-3.464920773720026048e-01,-1.194689663319580125e-01,1.371529738290073963e+00,9.756008217643539204e-01,1.180205246140073827e+00
2.379206657778340853e-02,2.918688992200464405e-01,1.124861002200006586e-02,8.581945206658382341e-01,1.420442255326656911e+00
1.900628329896233981e-01,5.825093981121668429e-01,3.302450160132026635e-01,6.402201495724352265e-01,7.718238518183865304e-01
-5.553034965127870079e-03,4.217120744044374203e-01,6.075517705391147993e-01,7.018125425892154379e-01,9.150975833848410401e-01
-1.472148193052177090e-01,9.592520974114814303e-01,5.284863269501419714e-01,3.285270864093904897e-01,1.030433078369501931e+00
5.349726517165276363e-02,4.827236995360129068e-01,7.156862356947416570e-01,6.024658352070157985e-01,6.531511345589340323e-01
-7.518827399485010499e-02,2.226992353588349849e-01,5.801099939096995284e-01,7.877260317688472568e-01,1.202578188118261115e+00
3.559021594246227771e-01,-5.585865303134700255e-02,1.175895167503545391e+00,3.587805838170756156e-01,7.866819632020868314e-01
-3.699401665314003967e-02,1.878697415448242480e-02,3.764891233579771290e-01,1.056766158345396889e+00,1.198644629168372333e+00
2.425111253507663267e-01,5.076082207377308197e-01,2.787511225277177762e-01,5.193935909312658028e-01,9.070549703168384603e-01
4.130802288834891089e-01,8.487668856836948494e-01,1.147372661493924584e+00,4.390266360972440163e-01,1.759094781608720459e-01
2.787003766158075990e-01,4.950752411210031512e-01,9.559435651673838796e-01,4.017222957328973609e-01,5.349780682878567672e-01
4.072226932154646151e-02,6.098832373582494526e-01,7.091860989879278376e-02,8.049061793416389943e-01,1.120891775839100379e+00
1.020794764659315769e-02,1.996390112372775638e-01,6.322262968915212111e-01,6.833608407945596097e-01,1.052106402203174751e+00
3.520231219819791035e-01,7.991018223390439212e-01,1.078117400884236909e+00,3.858335067841950905e-01,2.677741221400024019e-01
3.615879835096281192e-01,1.952507775796545331e-01,2.076276132294129495e-01,7.727412332878649259e-01,9.475693479157248911e-01
5.575417053518155752e-02,5.159980453259558342e-01,8.623111781487814431e-01,6.572824761066548005e-01,7.622808499401019233e-01
1.082015517932013310e-02,-5.103063627261517077e-01,1.110454871190764026e+00,9.245862108131009949e-01,1.455135077126172627e+00
6.181606651447926759e-02,6.361568873380234468e-01,7.282703605463396457e-01,6.113663528737464103e-01,5.746549069803267296e-01
6.214528302095730095e-02,2.350734389024362880e-01,2.694641854018470228e-01,7.774592707221218424e-01,1.083478107456417039e+00
-1.642790412536304923e-01,3.822212638667744633e-01,7.160152979487871550e-01,7.124210916778922487e-01,9.482039533418598065e-01
-4.378626271629755540e-02,5.701222760252795396e-01,1.856016470955282882e-01,6.995083113344225945e-01,1.091323118004210668e+00
4.420204703677351188e-01,6.560893524747174466e-01,5.386963592805080747e-01,5.416080155282630981e-01,3.519381662801354116e-01
4.429525195701187190e-01,9.809109110776290663e-01,8.522431373260572762e-01,4.701782103778844868e-01,1.584418495375986280e-01
-4.530827749180355024e-01,4.544775986027076442e-01,6.050880613882569925e-01,8.876512995084081536e-01,1.172521903739446314e+00
-1.734043800179026207e-01,3.415427540892563840e-01,4.162545129718713821e-01,9.765642812657335803e-01,1.183175144053892236e+00
2.125085968410956871e-01,1.345078642340447272e+00,7.277183121943843203e-01,5.136451196187833412e-01,1.580291311083559247e-01
-2.694400069585197177e-01,6.080262053340981243e-01,3.589071483533989859e-01,9.544129682574484796e-01,1.004534955169211097e+00
3.737113572804183215e-01,3.815302162567083544e-01,8.282638409119073009e-01,2.875653074186224067e-01,7.174492519540582869e-01
8.536221303755945344e-01,2.676807082084848854e-01,8.519726844519638354e-01,2.802753205472723330e-01,2.626873175333417909e-01
5.807610821033086790e-01,-1.927658419340831097e-01,1.250342337226702405e+00,2.283967537607622389e-01,9.480391129325073107e-01
-2.750884577217096449e-01,3.142695685390094473e-01,5.488118724887881134e-02,5.109423248403176521e-01,2.007453336849809311e+00
6.245371094681253510e-01,1.553286969694844144e+00,1.064809437269921721e+00,2.669406925540888653e-01,-8.922203454016001956e-02
5.441169522515557633e-01,8.275770490453006056e-01,6.210628863277012357e-01,-3.621397255621168210e-01,8.495060147663189287e-01
5.408328635225322367e-01,7.506720270093302227e-01,7.892699698566110200e-01,1.609775906081936936e-01,3.406116611064237132e-01
2.436508983330123446e-01,-7.505629806505280388e-02,1.014549512352409089e+00,3.585111737977995650e-01,8.000378096097122693e-01
-4.873453199927940682e-02,5.232386816580644195e-01,1.916344444400157887e-01,2.001259713203455692e-01,1.607769117678104154e+00
1.244429610575903955e-01,3.005698250199551058e-01,3.954618944293957217e-01,3.631428414642854374e-01,1.263226438565180132e+00
6.791408082428401771e-01,6.765060929492452413e-01,1.011351169054705457e+00,-6.103972385339739848e-02,4.746719430280749163e-01
-4.066920128819480618e-01,3.712755868873149900e-01,1.260166872234313729e-01,3.998089062591750897e-01,2.057596623092419197e+00
5.999973423055742633e-02,4.394019845701327420e-01,5.591406147862265641e-01,1.742411183141232833e-01,1.249932474453307130e+00
5.380675825848098004e-01,1.220110247391468450e+00,1.063702945755912399e+00,7.032107937474543768e-02,1.016098823492832537e-01
5.108440377200923477e-01,1.319769750377349782e+00,1.165780052623062391e+00,1.619104585548681863e-01,2.598590878423443981e-02
2.053215586884322985e-01,2.045064561763283717e-02,7.652152098230601274e-01,4.501858423442896551e-01,1.013677142535094333e+00
1.239490030383484653e-01,6.424283591169768215e-01,8.331748763630981713e-01,1.559073341368051036e-01,8.222011337784264073e-01
5.206558861466608068e-01,-3.616783817493377517e-01,7.285024624660219050e-01,5.274506596466181918e-01,1.192115416325482791e+00
2.311540695256250055e-01,4.771417910064640888e-01,8.239870584964085198e-01,1.247006478156127141e-01,7.829427798445401931e-01
7.538790907323573709e-01,1.412242194185202582e-01,1.283233914008056198e+00,1.076608578315819409e-01,6.228404544035258672e-01
6.795955696729930606e-01,9.011932960158060002e-01,4.890460294193605950e-01,-1.260292528582892257e-01,6.126016371281041151e-01
4.673302589743672519e-01,7.720344297640988618e-01,8.696417005182832671e-01,1.246160992186570553e-02,5.690353071102169924e-01
5.467432823605383740e-01,-1.450140499803307392e-01,6.544741255922361667e-01,4.029080065605423755e-01,9.409889878242231331e-01
6.789986620178287691e-01,7.996542285174251807e-01,1.038779774973579872e+00,4.203143266626419017e-02,3.319019487059710616e-01
6.075536674325738851e-01,6.259636090043221857e-02,7.863366533615506748e-01,3.159056760787112283e-01,6.857632161293139017e-01
6.193059590789091740e-01,1.059017792730579721e+00,8.051771564429298644e-01,-1.247051638681664562e-02,2.293359849387437976e-01
-4.645340163599226968e-01,5.792112649425795734e-01,-2.645563571960732330e-01,6.317626885771180367e-01,2.101859775368537964e+00
2.773875137303381117e-02,-1.905885869739136207e-01,5.500939894952682208e-01,4.389246182401559393e-01,1.857844390869499041e+00
5.732981606984122180e-01,6.279009514653125512e-01,1.619121193701244632e+00,-1.865595318701832039e-01,3.486970070631134622e-01
3.180581780709263451e-01,5.162162306499407105e-01,8.274346646130367189e-01,-5.608362732256258476e-02,9.772542938861585871e-01
-4.127223456807247587e-02,2.974306785962290561e-02,9.797053113936137203e-01,4.152625333128580065e-01,1.268729426038245123e+00
4.483480344764693148e-01,4.800114094855924551e-01,4.547259290827735945e-01,1.123136122708735529e-01,9.845468860833437308e-01
-1.289221555898303895e-01,6.494572872470041336e-01,6.662351106501083198e-01,2.002657742484917069e-01,1.155168515279910268e+00
-3.140278623752294496e-01,6.331236595263141087e-01,-1.997230479927503410e-01,6.157520748221905205e-01,1.649975802908774103e+00
1.681810656992617781e-01,4.017564185975681934e-02,8.273156946175695969e-01,3.908242652388000393e-01,1.062548158627502293e+00
-2.250030870362782209e-01,3.316985695244168419e-01,4.417507516926916789e-01,6.034711313625251705e-01,1.195846649809899187e+00
-2.103795875611986499e-01,7.096639437094870440e-01,8.308591664763590456e-01,3.697784560638922025e-01,8.870162992518666467e-01
9.508306845638704596e-02,-1.120358974698854176e-01,4.660494876305218970e-01,5.032690022823771425e-01,1.552977562632495312e+00
-2.454908868325454407e-01,2.229250156052846876e-01,4.722501421973130942e-01,2.234069754083362613e-01,1.453893417359051199e+00
2.650299266304284029e-01,1.259112094570916662e+00,5.452746956762737351e-01,-3.027724968106358938e-01,7.077737366352560011e-01
2.502107622825166522e-01,-2.385011320343274344e-01,6.725254622786227543e-01,4.767242521284651424e-01,1.337916354746637726e+00
-5.955968004762070972e-02,3.751099611091880948e-01,8.831686926793096137e-02,4.643120427816320728e-01,1.468702698409591667e+00
3.233801125636240892e-01,-3.593596826914669529e-01,7.435089346962380219e-01,5.599556170243955577e-01,1.550207422141143931e+00
5.075986065509214828e-01,5.416807410079962359e-01,1.008131367339041962e+00,3.362787071723740140e-01,2.184455391697715243e-01
1.142402948354346998e-01,-1.790308913202602048e-01,8.911881530351777325e-01,1.243488239995615308e+00,5.962612423328386146e-01
2.647458000220876961e-01,-2.034815234078651280e-01,6.261062294045363075e-01,1.164156262233500216e+00,9.372021573653577242e-01
-1.871259923284464624e-02,-3.730404131138911894e-01,9.129505175094653202e-01,1.296382934677656973e+00,9.633973902684966895e-01
3.936533571037656443e-01,7.399999914276111923e-01,7.035664267666571492e-01,6.228539804291488569e-01,1.644542197730262667e-01
-1.521384421437020074e-01,4.876993190644497433e-01,5.942848737074292176e-01,8.887381900791605505e-01,8.774593267399656282e-01
3.867512072024915648e-01,1.634127091931451836e-01,2.287332510684731424e-01,9.488464263491453998e-01,7.372167305401882142e-01
1.239416606918760239e-01,-3.142069339659427918e-01,1.293033851004566026e+00,5.176979316350128757e-01,1.241109168074779445e+00
4.326345233421330927e-01,1.252837438093694633e+00,8.268657756298781747e-01,6.175708473581258406e-01,-2.034855504195165476e-01
4.965165773127577786e-01,-1.182899422331937234e-01,4.104550472602576106e-01,1.088883250897146882e+00,6.428370904147585607e-01
4.767208139652342469e-01,1.544119718974310274e-01,4.176017174288639278e-01,9.612841895495282118e-01,4.697646896762234237e-01
6.916195587367554576e-02,5.984577204480709955e-01,4.723254314862354031e-01,9.256048471465567751e-01,3.657424182696453752e-01
3.782814684910278391e-01,2.267058430086380250e-01,9.057121984968274919e-01,7.757070465541949789e-01,3.490071145067353831e-01
2.490844835938498258e-01,-2.799445170654193404e-01,5.482521964713658047e-01,1.184136446777144691e+00,8.505283000731985732e-01
9.139240593689486325e-02,2.385839161533758468e-01,6.090127289374108743e-01,9.593056774922800178e-01,7.288663563078351393e-01
8.341563489307856072e-01,2.383720482154026155e-01,-8.801321660809455216e-02,7.709898676339171919e-01,7.197315600505637123e-01
