-1.072398218910924683e+00,-1.976514517322927322e-01,3.163938521310842855e-01,1.503179555298790326e-01,-2.709057004127856869e-02,1.399300861856305200e-01,8.277944890869846917e-02,5.644901095850219930e-01,5.945025248750283042e-01,1.274632620977327879e-01,-3.533323617054269783e-01,2.848485918814063211e-01,2.175887343750118330e-01,5.304137861681788024e-01,-2.505818116639745297e-01,-8.928267552016766473e-02,3.840172587351252664e-01,5.817763656270891204e-01,9.240967838536254253e-02,-4.106947956015578188e-02,-1.106258830382299135e-01,-1.338336118229649374e-01,4.996772878091529368e-01,-3.922990516592850252e-02,-1.045062066672841489e-01,-2.609522451231816031e-01,3.465207924371921377e-02,-3.462484404420228534e-01,2.149088774376138600e-01,-3.126978181620143279e-03,3.942443222201924558e-01,-5.130857024858685028e-02,3.244380542025536718e-01,-5.740418727070445426e-02,-1.955628939428552537e-02,1.657152878946316910e-01,-1.632260300819069615e-02,4.298784423745333205e-01,5.275413529674503055e-01,3.517935290052314201e-01,1.297819880216891653e-01,-7.098503752008956773e-03,4.895800862133495857e-01,3.739392061130380474e-01,-1.410382949332036340e-01,8.838749274090562658e-01,5.355037949208329984e-01,1.023577802032187706e-01,6.771313432363550155e-02,1.962286032926650603e-01,-1.225041157394301866e-03,4.349022604845413920e-01,6.535380192034320190e-01,6.588402882599690980e-01,2.192555732578919669e-01,4.267271231501681972e-01,-1.622311900077317570e-01,3.676995271040435220e-01,-2.579178460952401553e-01,4.839898804247092556e+01,4.074350437712419004e-01,3.961323806588648577e-01,5.482160097172554813e-01,-2.157995509065042117e-01,-2.186997719830429624e-03,1.004560554879268958e-01,4.783309159635707464e-01,1.571137039934268342e-01,1.444632933769705169e-02,5.344799985442529877e-01,4.555214216798628701e-01,2.583277171338448086e-02,2.161182089454904420e-01,1.220098214999641544e-03,3.612590409182618867e-01,-3.683739357540659065e-01,3.012460524178240881e-02,3.073919686813760821e-01,-2.465561427357542690e-01,-4.199629122686699551e-02,3.172053798343740239e-01,-5.307353381143199433e-01,4.324303586070426531e-01,4.395912569552369864e-01,-1.733425076426238498e-01,3.477319607039838778e-01,-2.106574948617155330e-01,5.499901362844707986e-01,5.263851298764132824e-01,5.740518558816377626e-01,1.791023126556945677e-01,3.780418586291564020e-01,-1.846057973981541367e-01,6.083685915520137266e-01,1.588751162318889631e-01,8.390462825288655946e-01,4.254672975498778320e-01,-1.298517199304018849e-02,3.768163800010473352e-01,4.479455358364153698e-03,2.471702702246335592e-01,3.623271998986493103e-01,-9.292905377547110157e-02,1.824657109604595207e-01,2.662388153680620428e-01,-1.379287466548433788e-02,-2.824807777377695839e-01,3.620497357121985060e-01,9.314203969658879645e-01,8.422051098490306031e-02,5.461637341748939445e-01,3.341219728400548483e-01,4.306182855291616485e-01,2.467796937583025263e-01,-1.484514220695468401e-01,6.102648431034185528e-01,4.067951912599864772e-01,1.365798895993373341e+00,3.758856226194354222e-01,-1.214469295525583692e-01,6.796601042730330278e-01,-3.462192675169258327e-01,-4.594900834853850036e-01,6.219002774269784262e-02,-3.583352933155438402e-02,4.417437337681523468e-01,1.721056886141929532e-01,1.986509564039818376e-01,2.582019751504184835e-01,-2.390494944076121675e-01,-5.227029136671172971e-01,4.280923299727210085e-01,1.539035831564759121e-02,4.254078296662198166e-01,3.838485657741718127e-01,6.268341153490488704e-01,5.426126073329363281e-02,-1.673093234000850877e-03,3.026744336931680990e-01,-9.976252153014325552e-02,2.345233616846454372e-01,-7.176884220541682180e-02,4.639076740864323534e-01,-2.889889273331892050e-01,-3.895232124599138923e-01,4.317083212592658786e-02,8.942865476025362026e-02,8.186658536575982525e-01,1.390493578802327879e-01,-7.465691590107535747e-02,1.082316444852191445e-01,-1.455067129190667496e-01,-2.117151642551337865e-01,-4.979358101597899933e-02
1.670489417840583135e+00,-1.343062066986696890e-01,-1.307157661331630472e-01,4.449214820126733971e-01,-7.328229520486992388e-02,4.668071999777406722e-01,6.784764426111100644e-01,5.325057210598045376e-01,-1.666188225637709741e-01,3.666632616640376763e-01,-3.399100997450441586e-01,6.842449447365102355e-02,-5.391428056543916270e-02,5.086611031942797068e-01,-1.362787729801475112e-01,7.027093152335798232e-01,6.555006477233463746e-01,1.012032495168593837e-01,5.893089190255251103e-02,-9.860128277456138915e-03,6.226447890335928825e-01,3.661559223418369147e-01,9.208562998921879239e-02,-2.491820550684227531e-01,3.993169243996003148e-01,2.135310198292786066e-01,-1.622019171121280023e-01,2.351412721082800084e-01,5.888044654564139613e-01,-3.656703467519820117e-01,-2.407463516426341099e-01,4.242400025745271530e-01,3.898828589690934709e-01,-2.362756009482894215e-01,8.081380986670307909e-01,2.350916077449848735e-02,-2.181439525031028392e-01,-2.699984578384474476e-01,4.602843845587615279e-01,1.236721341302343541e-01,1.740187748625206254e-01,6.487909068964522463e-01,3.060696240027825921e-01,5.115719944652485918e-01,-4.338497196359268337e-01,-2.426223747287693105e-02,-1.407041326601508047e-01,2.826431501132277424e-02,-8.532229360720773592e-02,1.866105583305677773e-01,2.785873541182046775e-01,-1.324243678544029523e-01,4.946129907209350085e-01,6.771192388156181963e-01,4.608570759312933252e-01,4.769836027346333607e-01,-1.340472489889721064e-01,9.620254361004310084e-01,-1.161698823819558857e-01,4.828022767087331601e+01,3.181594757016312780e-01,5.019487707286069966e-01,3.808235023372628231e-02,2.158029308481917152e-01,-4.954744905617106121e-01,2.765833460397434593e-02,4.495854337081470753e-01,-9.158825101122470419e-03,3.443628818147723147e-01,5.183354741029601032e-01,6.558027448260054237e-01,4.361925794153647673e-01,4.917747534363033080e-02,-2.310819652523057044e-01,6.713981291820992903e-01,3.225950837877383237e-01,6.317442545325234748e-01,2.666990311300896158e-02,2.210064538398726908e-01,-2.951016856957957013e-01,6.850925885963021766e-01,1.849536288089445868e-01,1.739596675066266140e-01,5.962415279452679684e-01,5.473745987082463405e-01,-3.399967800016641672e-01,3.083794717949219222e-01,6.383041616212676850e-01,7.023087476661380446e-01,6.366576274522688372e-01,4.654307120138593268e-01,5.277197629694121289e-02,-4.558094520294406898e-02,-2.193888794963337607e-01,1.468888057877547060e-01,5.745217530206416789e-01,-2.702595295546191823e-01,3.526236559371400126e-01,1.587163939072180896e-01,7.103351000991096065e-01,5.756819611775825241e-01,2.481021148783515151e-01,6.679273988617573377e-01,5.144322743005916854e-01,5.774975411620919541e-01,-7.941345448729475454e-01,7.723967867236238016e-02,-3.027242068186821247e-02,4.150026447820643338e-01,3.337141090472436900e-01,2.970653669619031101e-01,2.404784735373304283e-01,4.265624203865796549e-01,5.422532585072346034e-01,-6.437526222908974971e-02,-2.960899879571781690e-01,4.769444894416191016e-01,1.674407857721915249e+00,4.185513386357096466e-01,1.025721534785612871e-01,3.354916422069209592e-01,-7.491855174735769785e-01,4.113158862694378803e-01,2.052212486213395304e-01,7.205069157910763689e-02,4.918875959442720047e-01,2.623211958620761397e-01,4.982897868599205915e-01,-4.700814550948632098e-01,4.629694654965473277e-01,-3.999879497252707417e-01,1.326101558992495988e-01,-1.851475836187886914e-01,1.455436655521576417e-01,6.313790815653709532e-02,-1.019821315055283451e-01,1.905037041947107712e-01,5.995861396776465124e-01,-1.642729483331412943e-01,1.780009138661181600e-01,-1.291292206050048963e-01,8.221278028897207601e-01,-3.498925895915667300e-02,2.906197784175971743e-01,-2.339468365229039892e-01,-6.281835777606665783e-01,-1.780601519130906862e-01,2.334126445193615562e-01,-6.921450448956474599e-02,5.336278075319036418e-01,4.657067563482125000e-02,-1.389774396163142856e-01,4.588980765552316265e-01,-1.492848475137826814e+00
1.777096719811618875e-01,-2.844490379306765515e-01,7.136069732805623567e-02,4.322558507234334352e-02,3.812468328079952617e-01,5.439940538269115722e-01,6.793702332570349389e-01,-1.774080163772644991e-01,3.910515792859508011e-01,3.623842508434286791e-01,3.888045667704164154e-01,1.152747301479771225e-01,5.457445370239312199e-01,-1.944298787376253501e-01,-1.598321762751510056e-01,-3.206457441582227785e-01,-8.684934814873214448e-02,9.733919806101314076e-02,3.458091069626176850e-01,-3.597644844471557801e-02,6.244787874106317860e-01,-1.176358082307699671e-01,3.358988198858773866e-01,-1.724742732041152915e-01,7.292841220367748956e-02,-3.916708487806726535e-01,3.694233972401789190e-01,3.743437467936546192e-01,-5.510622552194414242e-02,-1.872899216535548472e-01,2.343010656761278787e-01,-4.529455512714258142e-02,6.174573717496708580e-01,2.762452909322165584e-01,4.687381118943027558e-01,6.811429353516598173e-01,4.110364167319402462e-01,2.799143885797028553e-01,-1.450454477571483936e-01,4.990012017061716265e-01,5.092426015372881754e-01,-5.541775090723177061e-02,3.864491706973129381e-01,2.748072955505705406e-01,-4.565642562574240282e-01,-2.228693793250103791e-02,-1.079234415005168590e-01,2.505222655625404249e-01,-2.681401236297433210e-01,2.162357020492318704e-01,5.818192307808219832e-01,5.020714948324607185e-01,4.936657267769589130e-01,1.080352973312440346e-01,1.303150555153204659e-01,3.685144216444762866e-01,4.424695019557582376e-01,3.027373243682134896e-01,9.208852347868277943e-02,4.753342640140773767e+01,1.990640870452087541e-01,3.077752481993926703e-01,1.134118659877243890e-01,-4.451470495431839591e-01,1.812364936418810468e-01,-1.726015764885001635e-01,-9.764813604028017846e-02,9.643427338663124182e-02,5.436458961012609059e-01,4.539456621404109327e-01,-2.658072030446783085e-01,9.785601848729347241e-02,4.088089129953724754e-01,3.249514022730153884e-01,-2.484656333622538849e-01,-3.883718554000962775e-01,6.390199124832173228e-01,-2.728249165895923478e-01,8.135857959004506867e-02,-4.359886370671119810e-02,4.492901621439893689e-01,3.699190584804989967e-01,3.519992469342035357e-01,5.379250481788666605e-01,5.011716012288470745e-01,-2.334429323342919194e-01,3.271243561553989210e-01,3.558777985928937015e-01,-1.372155016110334080e-01,-1.550728864993441702e-01,-8.860445018806413497e-02,-9.074417861162277499e-02,4.038469294802096154e-01,3.135642974940953120e-01,1.950415870969982313e-01,-8.085171419001103976e-02,4.196260292030114525e-01,4.137679674961367016e-01,2.724165122013630924e-01,1.608500415889054513e-01,5.132749900968743839e-01,-9.288537375080788139e-02,5.044689737402017204e-01,1.257279910533549115e-02,2.588484726270829372e-01,1.272181942615366879e+00,-2.315059303050484851e-01,-2.659896951476088400e-01,1.244388767183560951e+00,-2.767896444027768271e-02,2.704262012900317536e-01,2.784606108456151308e-01,7.343427002631601752e-01,3.499391220555589932e-01,-9.282109192440790579e-02,3.627777767265028680e-02,-8.544667701337084476e-02,1.820763845724645558e+00,6.290291370335110432e-01,2.087305806046688972e-01,-1.225396515296525851e-01,1.328620951146192442e-01,2.917120323090136580e-01,2.170705739581336724e-01,-5.870081560616671190e-01,6.283333405094145840e-01,4.697597236065301773e-01,1.220014419193131139e-01,3.935893490518617144e-01,2.785985203617427283e-02,-6.135842380555696363e-02,1.087201595155223299e-01,2.335398005032401081e-01,-3.658800304938872872e-01,6.823462112961140025e-02,1.466204139651837990e-01,-2.230152068643135310e-01,3.347467462546521721e-01,-2.138673907212948477e-02,2.061218434099724439e-01,2.043520920326167556e-01,-1.428499240988616581e-01,2.372174473917605941e-01,4.640229654847994323e-01,-2.601750064524802619e-01,-2.046164524648516059e-01,2.636696833837372522e-01,8.979581279624519741e-02,5.979769274397701562e-01,-1.070000737540315744e-01,-1.585667675921163533e-01,8.649164970603206992e-01,-1.730443629913530346e-01,8.180275923928717052e-01
1.004628517050029535e+00,-5.221896449177816368e-01,-1.201638958724133427e-01,3.844798216677219327e-01,5.255472622514115733e-01,-2.448880489675595018e-01,2.299473864548169655e-01,-1.823491653484364192e-02,-3.532195330389084620e-01,6.575801316480560377e-02,3.823725597927745135e-01,1.851199028232499988e-01,3.265427295064989854e-01,1.147638377024432915e-01,1.631445070920987117e-01,4.506475907774070699e-01,3.274265616047568606e-01,-2.774723445956271406e-01,-1.184213789963900060e-01,4.437650701554783916e-01,-2.430364413755382313e-01,6.675801199116234708e-01,1.839043072640133558e-01,2.921159806954765070e-01,1.864584538056028307e-01,1.785893552474543747e-03,4.934558438147449433e-01,5.747838208399330684e-01,5.359005325525485475e-01,-4.837471508929262060e-02,5.630267230827995517e-01,3.579856392866259118e-01,6.392541628115259167e-01,5.348675451956569349e-01,-2.227484010977805740e-01,-6.340514978366655618e-02,2.183506928159280325e-02,6.866275503938439329e-01,1.942131035576885045e-01,3.910796899264535886e-01,-5.246996207495428777e-02,-1.920014717143572747e-01,-3.762435310692949838e-03,8.128811336715045799e-02,-2.723925421341861445e-03,-5.334393951691397684e-02,5.976972852773018707e-02,5.533391952827089177e-01,5.973746074351654611e-01,1.602813560144931149e-01,3.271866329467952306e-01,3.275561998502075078e-01,6.720894705925541113e-02,4.991856714840955944e-01,5.844920832336900629e-01,4.269152813080898667e-01,4.947382668307526155e-01,9.822307476164397755e-02,-2.221960108689478297e-01,4.782423441295200917e+01,3.127253909580219315e-01,-2.076510213389025361e-01,-1.369940410448582391e-01,2.310225004487122535e-01,2.050879539562919796e-01,-9.644303112357360819e-02,-1.828867786034221177e-01,5.370005646681134115e-01,5.204070510744188693e-01,5.780836130659585681e-01,1.101957811186380087e-01,6.067828032558962859e-01,-3.210263641723192229e-01,3.693015487173004208e-01,3.247944379971302586e-01,-1.362030636950326279e-01,-1.389361892963044409e-01,3.038575196319232563e-01,1.256390601582952071e-01,6.819172719900511159e-02,2.664020199661822352e-01,3.866304479834991592e-01,5.613562174016625272e-01,-8.518879462240053213e-02,6.949358722641052477e-01,5.087720146965477586e-01,-1.001642760197439946e-01,1.408907750261537695e-01,1.481039994059249743e-01,-2.993489610700890147e-01,-2.202206160578588368e-01,4.956362030372458150e-01,5.592730262319575152e-01,3.890046160468929592e-02,5.835506228044549243e-02,3.337599251781647181e-01,-3.518009404603786305e-01,6.612159958490108069e-01,-2.718933125223906844e-01,-9.680437093874862120e-02,2.822873252686053935e-01,-1.919771041377991705e-01,4.682070999460063998e-01,2.824416779820496104e-01,-8.586266690546270897e-02,3.065381089462770187e-02,5.195663137725788916e-01,3.827914584744124271e-01,4.531763833954471354e-01,-2.039378365880876731e-01,4.225126538344086136e-01,2.892529985260485770e-01,4.015950345954412692e-01,3.664606454473879338e-01,-2.236217441810396667e-01,-6.003213712250715650e-02,1.795159201496910328e-01,1.647037128691591024e+00,-1.608137279287374100e-01,6.337899634922029568e-01,5.021885180794752879e-01,-2.389721393314317988e-01,-3.865623158850669538e-01,1.018111718607407068e-01,-4.467581214167802850e-01,-1.722296084778277836e-01,-1.780200098545440257e-01,5.915510953486530221e-01,5.438421361531897702e-01,-6.129022517437560102e-02,-1.415181438121438512e-02,5.649694048936343416e-01,2.690671765573360852e-01,5.209525104387058292e-01,2.984813517016268129e-03,6.028805280557494317e-01,-3.850103772917352202e-02,3.935003611810319324e-01,2.180705223263948445e-01,1.997943377568793810e-01,2.688579492562800932e-01,-1.607603745671763729e-01,3.309779252816572592e-01,-4.652574679021624637e-02,-1.934777593128584328e-01,2.199827611410324069e-01,-1.325219286956494102e-01,8.809528735260392651e-02,1.568879501416643729e-01,2.094954476867702253e-01,-1.622263593881103361e-01,3.982970586736618301e-01,4.414928396854318760e-03,1.004484043998558951e+00
-3.584045122080177226e-01,-4.354680878689128898e-01,-1.611068698060911797e-01,-5.817115119897481312e-02,2.691703811273131741e-01,1.522128324798426849e-03,4.443075709762637215e-01,-1.433349286733558159e-01,7.344300458028875100e-01,2.965765034099280759e-02,1.899694084188145379e-02,9.985125251184492345e-01,4.877906198355709544e-02,2.915561622143659770e-01,2.736195079762708260e-01,1.612763563682756141e-01,7.776366806386585395e-01,-3.839934587509794429e-03,1.170244750610940632e-01,4.003303547502151671e-01,-2.479559792566595200e-01,-2.391294140920425249e-01,1.440362000080034066e-01,7.874258722510615871e-02,8.423513797302673023e-02,4.217577038134218137e-02,5.201982568442166111e-01,2.404892434482918118e-01,3.054011573043661776e-01,-3.776779196876051993e-03,2.913538637327547920e-01,-2.624716205021006971e-02,5.097223871824237140e-02,2.602460359930844902e-01,3.568755293632877024e-01,3.817271918314340540e-01,2.577260032562646019e-01,5.520664899668110692e-01,2.552280831710827536e-01,4.525225010372469492e-01,1.645732913763564009e-01,3.979473406281754944e-01,2.155670493893551143e-01,5.401445851380484720e-02,-6.926308092746920331e-02,6.680478299341936488e-01,7.565267696049799984e-01,-2.606163221154254583e-01,3.975043234448222274e-01,1.600502163690487312e-01,-2.229605634951846438e-02,5.203636370589760363e-01,2.585914209471864011e-01,3.207488383630854312e-01,5.786527306606302767e-01,6.878764115639793286e-02,4.441657275621246903e-01,1.164555630135226533e-01,2.214651642323767489e-01,4.943288627599651619e+01,2.289131775944463348e-02,2.121113690173879462e-01,1.693409341547843505e-01,3.529260071786461395e-01,-4.476891803698540007e-01,-2.206836955785559662e-01,-1.322428460700513786e-01,3.655066740153399274e-01,6.032948369846832248e-01,6.286921394935882645e-01,4.619888029832787679e-01,6.384059652416675945e-01,-4.914318831428739487e-01,-1.211414546840279133e-01,2.763999534350450663e-02,3.430989548452371141e-01,3.554841012103837072e-01,-2.394731479710255628e-01,-4.464361265743982399e-01,2.329025419398753072e-01,2.253726047028153379e-01,2.415971952296739056e-01,5.527963136216687001e-01,-1.399286264418919956e-01,-3.559208216624680232e-01,6.732880122980576532e-02,-7.228005747971320005e-01,5.924491585676935346e-01,1.026051943259023991e-01,-2.487652003333141459e-01,2.543783666525613052e-01,-1.196038879817559741e-01,-8.652348050359859322e-02,9.215738291522456577e-03,-6.903999858344470053e-02,3.309747596781844048e-01,5.757383647712169816e-01,2.185577581546939985e-01,4.507340645095577192e-01,-1.037824327627958204e-01,6.668962314235828970e-01,1.118695496060408551e-01,1.419366799343991792e-01,-2.313048530997197372e-01,3.805021178013068273e-01,-4.386429863880206281e-01,5.835383461044960640e-01,1.441007386368414744e-01,2.843682333090205572e-01,2.729845914282085784e-01,4.590995996249917499e-01,1.743428056805772786e-01,1.700456496969241504e-01,4.327847708471501131e-01,2.994495151973623759e-02,-3.503005890843388648e-01,3.101793762348729611e-01,1.453601848400159158e+00,6.560926802466665597e-01,7.116297383304162061e-01,6.825278688722270781e-02,8.076341353394228539e-02,-4.697255593064847412e-01,4.664102652602224452e-01,-1.423119951223502100e-01,-2.276498604535101833e-01,-1.820514243874918336e-01,3.525337269133926865e-02,2.496494276985095073e-01,-2.472907989706990273e-01,-8.358468445612256270e-02,4.862855751443284635e-01,4.586018410538605927e-01,1.359029137700552559e-01,2.594166445263896836e-01,-3.152223563831089703e-01,3.687937793198226011e-01,6.462837227797912920e-02,-1.789963581692829986e-02,3.499429660032516987e-01,-7.350079588056450397e-02,5.237428837105787549e-01,-2.765038755484450772e-01,1.155272966927565759e-01,-6.198300510550715930e-02,-4.907479757855316982e-01,5.869262261031470418e-01,1.448224590101552245e-01,4.458504887665881711e-01,4.191018440350560148e-01,1.844360764520311946e-01,-3.479048846241884763e-02,4.081690861087534095e-01,-6.688306088505351354e-01
-9.416507996282246218e-01,-2.637086472605842391e-01,-1.494071536793785127e-01,-4.165113688886360466e-01,8.208494597650789482e-01,3.703199126858612855e-01,3.158474808013612689e-01,-1.882615958101177267e-01,-1.897237564901097517e-01,-8.687348728540235376e-02,2.266234382724383600e-01,4.603491116081014911e-01,-4.568922037090318578e-02,3.330093849684767626e-02,3.866716193513099475e-01,9.005250598798127115e-02,2.791767645456232905e-01,1.564931659831612643e-01,-1.213911892005451465e-01,3.535327505528101377e-01,5.054253661714354362e-02,3.424455192098502243e-02,5.711793059346460533e-01,1.137903401555949850e-01,9.631327511213564341e-01,-2.739537317789242366e-01,-7.409863236591988922e-02,4.178161004974878523e-01,5.545938457603497573e-01,-2.901962913725956716e-01,-2.277834274666754311e-01,1.773691010935583845e-01,2.851988199335883656e-02,2.659851937646867115e-01,-2.085715970021035925e-01,2.169467571767262626e-01,-4.141783010968380085e-01,6.148169273244049604e-01,7.458551306757480459e-01,-4.748956707322730258e-02,-1.681890671531271753e-01,8.718484572314491032e-01,2.301025788472416123e-02,6.403807461371496812e-01,3.677964877816505274e-01,1.954824950258531036e-01,-7.004981912467947956e-03,2.328993178525348984e-01,2.169549361539963583e-01,4.725556025245361558e-01,6.775903580916755597e-01,3.946907865564517892e-01,6.196653675376302406e-01,8.816975322991745662e-03,3.438329761802237927e-01,7.239264178316485721e-01,3.124116732738887459e-01,3.378435204190413099e-01,-8.782758279198045470e-02,4.944684474305083199e+01,6.110398947612599718e-01,-1.446366374612493566e-01,-6.756211417800869756e-02,4.737123161222266815e-02,1.349070394557937702e-01,5.773280598270973396e-01,7.997176092734523678e-01,2.960876500849223270e-01,7.112603851711808423e-01,7.094321216591334411e-02,6.681406234355335982e-01,4.134690873526020161e-01,2.404324723800377872e-01,-3.559215647669207727e-01,3.025549873531529488e-01,4.347985244974544305e-01,1.488311941686776274e-01,4.548728737342169065e-02,-4.290551377808139999e-01,2.262184943301913664e-01,2.469747765879297952e-01,2.730841635057790762e-01,3.675347962822965164e-01,7.938770787593571465e-02,-2.600866197851529893e-02,-3.967854649798598365e-01,-3.961468572523896281e-01,2.443933905541839924e-01,-6.827281624929618098e-02,-3.598447646595452354e-01,4.465362124832210067e-01,4.556721121286123888e-02,2.276726807208941383e-01,3.867122218664297839e-01,-9.047776707855341438e-02,6.062772556707000104e-01,3.200511312205583936e-01,-1.966580194008080706e-01,2.141726668884993690e-01,-1.698022707455663360e-01,2.289402811449377795e-01,2.851450297427274849e-01,1.931251718175345244e-01,-1.567305799268120803e-01,2.614083232407959367e-01,-7.287021404868525287e-02,6.925148681474628809e-01,2.900196651481330434e-01,4.331016116326406040e-01,-6.790619448308390753e-03,4.017134290899980753e-01,2.350429441887573467e-01,9.652315110490222727e-02,2.245624198553884676e-01,3.404746848119737379e-01,3.520054782050596742e-01,-1.710853277234912762e-01,2.045594670473500631e+00,4.929344394528457629e-01,5.935289165205119843e-01,9.333964555927821705e-01,-3.329081534000895293e-02,5.598372826405992875e-01,4.327490582318860302e-02,4.264015835689829309e-02,-1.483833737019275290e-01,4.653507178202240802e-01,5.668935159291190740e-01,3.410231360821779911e-01,2.807174442767508271e-01,-1.365518892582641419e-01,-2.060591787075024064e-02,3.343707511754662187e-01,5.513414942562596677e-01,-2.003011237682583157e-01,1.959039085563633875e-02,7.790664512459242186e-01,-1.372141438296755993e-02,6.664118748723805163e-01,-4.117919836088269198e-03,-2.520799336006380176e-01,9.107498655312168401e-02,-1.524564203473920132e-01,6.273686623047903810e-01,1.852705869061302413e-01,-3.159991022168361918e-01,-8.099819249723303957e-03,5.122124025142680281e-01,2.487936548511256174e-01,4.127847760162690616e-01,7.255585456741807382e-02,3.597905782038894884e-01,-3.269016322717488432e-01,-8.230352210154466830e-01
6.641566106404019898e-01,-3.385755829651113102e-01,-2.676569703044869297e-01,3.243247300143021206e-01,6.790701911814644998e-01,1.663226505953738499e-01,4.816831504945896514e-01,2.060130751037762553e-01,-1.707319516803256776e-01,3.383131775599656499e-01,-4.349395228242831646e-01,2.873254284050230645e-01,3.847447398556289033e-01,4.613344790820706615e-02,4.957206075817984225e-01,-7.351362669545578876e-02,5.490751706468528087e-02,6.018214886296854305e-01,2.221234235279767599e-01,5.673393354388360788e-01,6.763739202428838970e-01,2.179027861679630751e-01,9.610924561661920995e-01,-5.375959695783354420e-01,6.725138224362127159e-01,3.680615725904503588e-01,4.979775404657180160e-01,-1.172200725832262258e-01,4.595883796747175509e-01,2.787223651301564131e-01,1.344673760641120486e-01,-1.956187011206670934e-01,-1.101593685434513470e-01,3.397578633198197751e-01,-1.404505126533291404e-01,-1.127737022765562119e-01,-2.430502029481597104e-01,4.679448286147279423e-02,7.543819028431419937e-01,-8.469640653154615617e-02,6.615468069169311294e-01,-9.368801438389488812e-02,-3.357200722482078237e-01,6.028768575115385220e-01,-3.875644727340113449e-02,2.050298833772357665e-01,4.930041370321605609e-02,-1.955046879909797808e-01,-3.592445110704530209e-01,1.203273224708149985e-01,6.896466965255627912e-02,3.028063583681939175e-01,4.587425749264223418e-01,9.152692509291174838e-01,6.548720987585050501e-01,1.347287793747393436e-01,3.087588208675993706e-01,8.700879909159141556e-01,-9.731687430214594481e-02,4.961611824156900497e+01,4.878968009309624931e-01,3.466589056860798213e-01,1.322004250902740485e-01,-9.695166431726552625e-02,1.510888665730616143e-01,8.031385778332914560e-01,8.293454011559600603e-02,7.731516566164194915e-01,-1.092487003437202370e-01,-3.192939007094244830e-02,9.058392850908242311e-02,1.548920821068627274e-01,1.211200952018284677e-01,-6.738264628149273072e-01,2.581325725958431572e-01,2.358734914037990960e-01,4.836462665897373059e-01,6.077411777571545271e-01,-4.759223733473680329e-01,3.701334429954462046e-01,4.413304951546354604e-01,-3.337567531006343513e-01,1.660138364829814306e-01,6.201363114091907880e-01,4.377195771574908800e-01,1.677310615743558275e-01,-1.039508927762359036e+00,2.741745669489724646e-01,-1.573342669949276684e-01,6.728901470415397101e-01,-2.290472287277106264e-02,1.545207219046595137e-01,-2.448636068723461512e-02,1.311723704347096155e-02,4.372242113224946714e-01,6.208990641735749882e-01,5.506251580644195842e-01,5.775525999753721579e-02,4.500235623576519517e-01,1.577205375172587576e-01,6.748491166239214412e-01,3.598622634061255932e-01,2.638160893428019849e-01,-7.062379910640029790e-01,-1.053896291366642757e-01,-5.047008206905909677e-01,-4.013599821212398000e-01,-4.432156666568439207e-01,6.157772362123749010e-01,-4.606416098278457993e-01,-8.344309740966285305e-02,3.422982459969879931e-01,-2.784093063105807508e-01,2.426441793215917131e-01,-2.576006014300828012e-02,-1.696610751921321658e-01,-8.143013563657744425e-02,1.913907337672192455e+00,9.337993572971457767e-02,8.930264286003573859e-02,6.339208304828097829e-01,-1.309800417011812046e+00,-2.356748961914389151e-01,-3.809363263819927625e-01,-1.436939634578295565e-02,5.293462444266405775e-01,1.137742779792393494e-01,5.270135267984127347e-01,5.921834212209897697e-01,1.711189599170746811e-01,-1.672372756231598201e-01,-3.353025506552154145e-01,3.816477838428221081e-01,-2.580059262252445418e-01,1.739464660140458974e-01,-4.094929089826939150e-01,5.608017304130739067e-01,6.424814576421388201e-01,6.988396998485172373e-01,8.420089527236135352e-02,-1.192509833162598565e-01,6.111217026875782610e-01,1.651073084449457273e-01,3.714084975975714964e-02,9.796508126718311837e-02,-8.047515804643915471e-01,2.822777048157135704e-01,2.906375647722139743e-01,3.856866128161017815e-01,5.707465879072715770e-02,1.917553194145331930e-01,3.576500916537657115e-01,-4.260192982627169500e-01,-1.301861527749168523e+00
-2.100010553162467986e+00,-3.596639874975027795e-01,1.138517905011685732e-01,2.489825894814437779e-01,8.666548642391576074e-01,1.598718750522367671e-01,5.774722302194217338e-01,1.853971786833154001e-01,6.047814918960752184e-01,7.441478739974364265e-01,-1.085789683007302442e-01,2.688595652566337368e-01,4.205695125584791860e-01,-1.240843587314654078e-01,-2.016136469805781539e-01,2.312273107079604317e-01,4.859207238486149549e-01,2.863651409701630790e-01,1.745741377092749347e-01,-1.152175876853688968e-01,3.961322312123374823e-01,3.293752435572769866e-01,4.216543849760335805e-01,2.986696224866585703e-01,5.793872637103891776e-01,3.291738330155174475e-01,-2.121706522956313609e-02,-1.330863577035437673e-01,6.285082809515821767e-01,2.222231407845733364e-01,4.025401658661136306e-01,2.717052545883623382e-02,3.047044061793419134e-01,5.242220219112172508e-01,4.003447121995430957e-01,3.431012157208019886e-01,2.377927022727327477e-01,-7.460040427155341380e-02,1.190992930956070589e-01,-6.781562824611351951e-03,4.497756894600195565e-01,-5.406988391862295462e-02,4.784784023469146885e-01,4.182038222121816085e-01,-5.704623222389068049e-01,5.496163083012542971e-01,6.808201927014809751e-01,-1.918162735676254282e-01,-2.060843727139880788e-01,-8.827887571551819301e-02,9.086197371033684078e-01,-3.384334798697470337e-01,4.476650601632979343e-01,6.115145649655460980e-02,1.019145669137807714e-01,-2.262922314626829579e-01,4.504755164718254323e-01,6.513360030453005933e-01,5.479138064878759096e-01,4.952015388138453034e+01,2.466099939347339010e-01,3.492728510836965450e-01,3.024373576533930796e-01,-3.777963375303393656e-01,-3.160432360471719382e-01,-2.214692270668351948e-01,6.161059544300853119e-01,2.642050738421903855e-01,-1.531728395186915115e-01,1.061465403290126758e-01,9.627994320700127007e-02,3.599114399076270288e-01,5.793149846478803933e-02,-7.211769578094949784e-01,5.137805113715301908e-02,-2.222032993094751607e-01,3.635473375850076239e-01,6.728460804737794454e-02,3.556970888002556341e-01,4.527026818629035776e-01,4.122130165137204982e-01,-5.868325858291967984e-02,2.455938698809161380e-01,3.959671834903981114e-01,1.783483980472533592e-01,-4.685519493351594789e-01,-7.259846952670294673e-01,9.335855444219433030e-01,-1.623295868401687936e-01,5.673278001897843481e-01,-3.985542305388213302e-01,1.136590830555062187e-01,3.641407117031659757e-01,2.385314447886116296e-01,6.692897289812681505e-01,3.789259036256549251e-01,2.293093893792663013e-02,7.058755697951162311e-01,1.994949309797300618e-01,6.055106307776078056e-01,4.538792860266367968e-01,-3.392228762198845060e-01,1.749173132310329337e-01,-1.654163270386445617e-01,-6.535113083293965508e-02,-3.631621308880798177e-02,1.427617633036196709e-01,1.944169706074852233e-01,7.591505994107834443e-01,2.137715524591291549e-01,-3.724631640276903077e-01,7.428931136822208847e-01,-1.601270361132449971e-01,3.004662838022661986e-01,-2.467450592428624689e-01,-3.019463326651757873e-01,-1.552456027423059215e-01,1.256918382958986724e+00,8.463102990504894896e-01,6.263640790396366453e-01,5.568193382511367195e-01,-6.623134474021831197e-01,7.996113157398891669e-02,-2.241535865949701237e-02,1.755163942732597404e-01,-7.914731100498903493e-02,3.974388099860901025e-01,7.755405861062343309e-01,5.254974135122095769e-01,4.751722071647461187e-01,1.058667075692390491e-01,-3.479757960270817296e-01,2.059411150787705258e-01,5.464024859596451345e-01,-4.463150271062010094e-02,4.155072298343555071e-01,-1.870169866353101618e-01,4.632554052391389676e-02,-1.377903256597544368e-01,1.902227825828285701e-01,5.460679741320644265e-01,7.381498386056210004e-01,7.658443548083695984e-02,5.657016024396244180e-01,1.550362415919978865e-01,-5.544884061473934755e-01,4.716364979560494497e-01,2.407212817640634606e-01,5.653317874502558071e-01,2.420389841154585997e-01,-3.367464195938050797e-01,1.340725556462050161e-01,3.302807619900325897e-01,-5.437552558929478197e-01
1.438672003484142481e+00,-2.516678869852188583e-01,5.355801697774558168e-01,1.330794724119745420e-01,7.881485579015997667e-01,5.540693884783746137e-01,3.970809021429506647e-01,5.069483329217236989e-01,-3.177321583575971609e-01,5.793052170097617859e-01,-2.292072466504565253e-01,1.108397599583313964e-01,6.113675942326007862e-01,1.888926783092371997e-01,4.396423546059248788e-01,-9.151703906612214390e-02,7.565383786887083239e-01,3.593368161672402805e-01,1.670915415308927426e-02,1.684254743511565955e-01,5.895673840577144720e-01,-5.146392421086177713e-03,6.761614963091012731e-01,-2.408955574047023096e-01,1.947322307197165148e-01,2.783052602070757442e-01,-8.233341222715681584e-02,-1.295719698467380776e-01,6.493893823827254774e-01,-1.749226911445856680e-01,6.340028093361050887e-01,-2.460103907958780256e-01,-7.344744767566570298e-02,5.135221841779997742e-01,4.886515950685793030e-01,1.119022634041356157e-01,-9.625432262380334558e-02,6.889425078744193520e-01,-2.288215798492330422e-01,-1.734166506430356580e-01,6.529714090072586963e-01,-1.108639439729466464e-01,-3.110374639747776615e-01,-1.091938559186853563e-01,-2.392676980644440482e-03,9.313797938578031177e-01,-5.636547112799149967e-02,-2.862492772312152378e-01,-1.956860180625944745e-01,1.865800338996596586e-01,2.832979077796320966e-01,2.091272156616248157e-01,-1.464402100260281947e-01,8.701436704372365232e-04,-2.510813888604768174e-01,1.713164958153692019e-01,-2.026670077780112211e-01,3.177632367099926802e-01,1.341592974319052445e-01,4.774521208693042951e+01,9.578766611267887088e-01,2.190199964438461350e-02,6.232542102314494459e-01,-1.267771993370130634e-01,-9.697974636350721600e-02,-1.625293510625686055e-01,6.714525452546149520e-01,5.166954512902135477e-01,5.279572092702075059e-01,-7.248626471687354134e-02,6.161325046941987238e-02,2.091295579053832621e-01,-4.881313636732719230e-01,-2.747615605596651078e-01,5.316055639119422471e-01,1.911378109214844356e-01,7.622641706620567614e-01,-4.996262346033594065e-02,9.967125784814830081e-02,2.838200447467619236e-01,-2.209405187254650724e-02,-4.988547950377308360e-01,-7.287258245480836283e-02,-4.905777237945142116e-02,-1.528276558499143123e-01,3.407157273348633275e-01,-7.212605241854312677e-02,3.153407732695900911e-01,1.482413816555848696e-01,4.454547425423984741e-01,1.058996179553190753e-01,4.880760762478089654e-01,4.006485235086038599e-01,-3.994694641114980294e-01,-6.161899831687742135e-02,-3.067944706410648953e-02,1.344832456584579838e-01,2.217395083579323800e-01,3.527627090870963933e-01,6.421637580546994961e-01,3.263822664387651118e-01,-1.029004581187550615e-01,5.337178196486284422e-03,2.497750854999808146e-01,6.054623638811553743e-01,-2.164542729781411823e-01,1.039355588480213449e-01,1.442142715736911274e-01,4.639724355973731673e-01,-4.142922824297274320e-01,-1.099001287389910764e-01,1.643447433336385488e-01,5.389775352986326817e-01,7.307741491505642673e-02,4.482713356402042160e-01,4.379995310195676228e-01,-2.621196879486533127e-01,1.684514289185904623e+00,3.804489732130058588e-01,5.363493932418975790e-02,4.919304310343010633e-01,-4.950604875438436303e-01,-2.924476264693697813e-01,2.316506683764982255e-01,-6.627932830821428589e-03,5.292413023416454171e-02,3.275994785334229720e-01,5.696721964882814904e-01,4.708446546902779750e-01,-1.125896844542817049e-01,-7.598397967670218744e-02,4.110081749428897702e-01,-2.924868787630062472e-02,2.749291197257423547e-01,1.420726145778265781e-01,-3.448134301836566773e-01,2.500743007063127021e-01,3.730753839353072310e-02,-3.592658682373895546e-02,-2.021812985162383877e-02,5.404933999581217341e-01,-4.869592646890139390e-03,1.578271946013178606e-01,6.787804414149350984e-01,6.363206916779345912e-01,-4.100657067042817738e-01,6.139939348726822788e-01,4.310788546605432980e-01,1.526594097552630980e-01,-1.794745552708836289e-01,1.386148653765144345e-01,6.617982185441501075e-01,1.334979781172548341e-01,-1.706015271988152060e+00
3.039116428192542574e-01,-3.272044270507572716e-04,4.981286575500713520e-01,-3.201813235388001333e-01,1.450796026414433726e-01,2.397456334319214288e-01,1.709188550449632360e-01,6.531687351125178287e-01,9.829617832048807846e-02,5.549214756338523291e-02,-5.189678422501584065e-02,2.234549766400542592e-01,1.669083900139436971e-01,-3.567932821426020307e-02,9.084269262955753377e-02,1.165686731265020565e-01,5.076061116452648125e-01,3.404355505714858759e-02,2.290923220188056386e-01,6.433261792701586712e-01,-1.033458985266259150e-02,1.619543169677619965e-01,8.424916389390336713e-01,2.522078422051483582e-01,2.840694153504142450e-01,4.301067556307174855e-01,7.464577850186470132e-01,4.401678470291946199e-02,1.937817889069740895e-01,5.560836234776803666e-01,3.950688061579522570e-01,6.301206329582060839e-01,6.582879141868153150e-01,-1.126847897342303645e-01,6.963879436277466140e-02,3.329466716486091937e-01,-4.275291648238520592e-01,6.607032074500154284e-01,-1.926148955213681790e-01,9.904182399670927173e-02,-1.009272865242609729e-01,3.578088386451242497e-01,3.836604322640760345e-01,1.224366105927371731e-02,2.948049491311490744e-01,1.444492888867094649e-01,5.070948355449855782e-02,3.900134207890198351e-02,4.157739033607587564e-01,-1.651186329222989468e-01,2.805390999115675577e-01,-2.131704542623409360e-01,2.056852008182498415e-01,2.328601719144426374e-01,2.254009971621215858e-01,-2.354827881476289353e-01,-2.331558307444865641e-01,9.580237484702760486e-01,-2.188022753979508225e-02,4.851714929382426078e+01,4.716724094312890747e-02,-2.086744420458046603e-02,-1.045452265126983887e-01,2.848976965757164526e-01,-4.103988239310231156e-01,6.354310561724964002e-01,3.456251994611455602e-01,8.032564387617623369e-01,1.174460283308690206e-01,2.239877487770466358e-01,3.007675248548237756e-01,2.915168811806408966e-01,-4.173650242707970248e-01,-7.007702706704899143e-02,4.577408407100071464e-01,8.723977835635798872e-02,1.317437009855821073e-01,3.771635690020240794e-01,3.615617698342842301e-01,1.213046023669288737e-01,2.428706316067802684e-01,2.664588052248464956e-01,9.741785631803081408e-03,-2.310301086450523012e-01,2.426154569475461042e-02,-6.023981237379050224e-02,-4.602672059857759734e-01,5.367366348559280409e-01,-2.102480917602506452e-02,-6.129483345771597619e-02,-2.100562312157084610e-01,-2.953529745731456324e-01,4.388099876081537620e-01,-3.843638459483629012e-03,4.637879647794765914e-01,7.679612381266744947e-01,-1.276483422796149958e-01,3.121407593445240103e-01,3.302085116273013043e-01,-1.216159256831875340e-01,5.913388796832486083e-01,-2.803497252332782796e-01,3.246386390481421219e-02,-2.928998808201183079e-01,6.707870812869743959e-01,-1.131961900132249649e-01,-4.394706528598142925e-01,4.703644783987929734e-01,3.787360563593933360e-01,-7.283417261940797194e-02,5.206678408642960720e-01,-1.478812707979112462e-01,6.361781687777352534e-01,2.528984683662002797e-01,-4.976668162895669933e-01,1.650192209338545990e-01,-1.350153773230293973e-02,1.259463431755635687e+00,4.140605683239239054e-01,-6.592097769805453644e-03,7.470625230893803703e-01,-6.384773640115999349e-01,5.767285704845531713e-01,4.887795006249101570e-01,3.608195328674591584e-01,-2.456926877214622718e-01,7.591497489423419676e-02,5.797011836787637762e-01,-3.276226669899149901e-01,2.558830494082353288e-02,-1.292573943188478347e-01,-2.254790776530535001e-01,5.749469991259759105e-02,4.878876530492287089e-01,3.949713180377525945e-02,3.623553831904526012e-02,5.091791822692687264e-01,2.446894971185950007e-01,5.931093026511389255e-01,4.912098594528242768e-02,-8.532208084869874476e-02,1.243920987945869860e-01,4.559741164355897713e-01,8.684452462735570144e-02,7.212711077755676881e-01,-1.798319419456738399e-01,1.432468644624217968e-01,4.828673193266568020e-02,1.725620687098115835e-01,2.666505797882849915e-01,1.778232065404641848e-02,5.518178937190798550e-02,4.286989127108972175e-01,5.971078680865991029e-01
-1.965446091721967381e+00,-2.945555512846961821e-01,-3.557254831586968424e-01,-2.134607911298754546e-01,1.880118518060108490e-01,-2.615879194990910483e-01,2.291627806601481965e-01,8.927314666966759682e-02,3.914902254519831981e-01,-1.371687081653369944e-01,1.600065679819551168e-01,2.095260527897954417e-01,9.514020986143753578e-02,3.806649952591008579e-01,4.517177373591913514e-01,6.406021559286746436e-01,1.987597397416351330e-01,1.846522479205999212e-01,4.313969979563886947e-01,1.748720806749867740e-01,7.677526763272568555e-02,4.779459949279457609e-01,6.351324093018766159e-02,1.611692816857263066e-02,1.930663917628774040e-01,2.460503317272229873e-01,1.479320285995759654e-01,4.325442180529343594e-01,7.824354835103052019e-02,2.785118462848397147e-01,6.734688163859811061e-01,1.710250329292614946e-01,2.241243841357526134e-01,2.961052112637219680e-01,2.531046586764881812e-01,5.728486287617231554e-01,-4.520228835104757037e-01,6.955159090645198772e-01,4.144969638662822087e-01,1.428679842581800363e-01,1.251532535042850502e-01,3.865457993282689908e-01,-2.398563743258129155e-01,6.612129600769909299e-01,9.829726996316047460e-02,9.395732579017642694e-01,7.140767664065182652e-02,-5.862118530523832693e-02,3.175434481049342617e-02,2.918474466026326763e-01,2.503593109370575442e-01,1.575594651967602011e-01,3.047469541190939712e-01,7.021226960085922286e-01,4.265762406622170544e-01,-2.609132445238535047e-01,6.181403613996130364e-01,5.094207061412679982e-01,2.269768126600176517e-01,4.914377166314009315e+01,9.678000019086013817e-01,6.778902968024985709e-01,5.115444738910336353e-01,2.372137130039270458e-01,-3.225454594108422834e-01,4.028740244305604734e-01,5.544039542472541937e-01,4.812832594111337431e-02,2.422644681583640824e-01,6.436984419407857372e-01,-1.378387222793562294e-01,-2.489873892584891224e-01,-7.228320931363081403e-01,-3.944869345472656885e-01,-4.873441377018358778e-01,4.808113747127270576e-01,1.523127436842135474e-01,6.464936298398996639e-01,-4.857506420673335934e-01,-2.333619839904297055e-01,2.889258573055714877e-03,-5.473564307449033661e-01,-1.001919876365147261e-01,6.178567556831068286e-01,2.425790462467103670e-01,-1.173436954272514959e-01,1.256487133737965445e-01,9.578825894768507876e-01,4.283964080779339989e-01,2.425973036111448988e-01,-4.289895180320557055e-01,-2.818532256940857739e-01,5.822081506321349353e-01,-8.507587006631929516e-02,2.233754848965147435e-02,8.946697993627733547e-01,3.051544419687889365e-01,3.223287488131889034e-01,5.257590884503311468e-01,1.597085782221133871e-02,6.643381575224083235e-01,5.762567224383672304e-01,-3.336334986538850439e-02,-3.864895815068201124e-01,2.816840191964920526e-01,-3.350980881270408385e-01,-2.623530826536747962e-01,2.911707068437893176e-01,1.199082712931293093e+00,-3.613345776976547019e-01,3.822807833482448348e-01,4.109560288119001870e-01,-8.004925648634242386e-02,3.928557379602891086e-01,2.359284969458007031e-01,8.366679608129164170e-02,1.398228628604706869e-01,1.308803375870624564e+00,2.727632444735657025e-01,5.213896182106010357e-01,2.329884033521323339e-01,3.097915065711266958e-01,6.877523457902533222e-02,1.580021062449938618e-01,7.575460993774919827e-02,-1.119858232018581118e-01,5.889462622994181551e-01,-3.524487536024899920e-02,-8.960737649333336274e-02,-7.516602181912849200e-03,-1.587538183261875263e-02,-3.834743320227779750e-01,2.077799863721595808e-01,1.975203697081172605e-01,4.139140039966995310e-01,1.478040391728963621e-01,1.435509011383395012e-02,-9.878531321783612373e-02,4.238999881139309256e-01,2.629317100824979936e-01,5.696583229383961333e-01,8.805959920735286772e-01,2.610057474061738825e-01,6.013585321607458622e-01,4.810877640371274966e-01,5.229014586808206078e-02,4.087915145242730364e-01,4.058864431435805775e-01,2.562769461147395011e-01,-3.059685882731718598e-01,4.171419273773327441e-01,4.164363293984181535e-02,1.254779999784959577e-01,-6.595693705151513264e-02
-1.150684594706718800e+00,-1.112054316808097770e-01,-2.130923671955502752e-01,1.868228712900479871e-01,5.493329137016313979e-01,1.059451645680015153e-01,1.286822130988145296e-01,-1.176026942490369376e-01,7.112000693327841239e-01,9.128604624012785773e-02,-2.176477606420749722e-01,5.865356320573705817e-01,-1.619750738119180855e-01,3.930833916792133009e-01,5.031482854722884035e-01,6.945504810011742247e-01,2.359657774563141408e-01,2.518523114924882678e-01,2.149547813898687598e-01,4.637719815051637440e-01,1.185843774206342960e-01,-2.289835688968817062e-01,1.655017798664057127e-01,-2.525819728337991288e-01,-3.664047750454038632e-02,1.878512861612437745e-01,1.175044556984216060e-01,-9.809413269480750375e-02,-8.270366334410259035e-02,9.977492802992547760e-02,1.105455222284249667e-01,4.597905857823996190e-01,1.570058562526472634e-01,-5.223765089520488597e-02,-7.161431348618388371e-02,1.126021003470220327e-01,4.797290344971612275e-02,-2.630556785659162178e-01,2.573946074207953405e-01,-1.183313940943199472e-01,4.443430865454123940e-02,-9.879193480517846349e-02,4.991866428463302002e-02,1.680349091857283664e-02,-1.723681946687415090e-01,5.841499560249806544e-01,-6.968591087710890308e-02,2.478714879885178524e-01,1.837943250817975216e-01,1.973862213763309670e-01,-3.971269991609035349e-02,-1.055374048550622168e-01,8.036798434232699240e-01,2.082352394532704098e-01,3.884951058952676450e-01,1.228999771024837928e-01,-1.600539151242655680e-02,8.527786717983423248e-01,4.364488973298804447e-02,4.892584498675950755e+01,8.237787691587151739e-01,7.725097961646752720e-02,-1.695530073989700570e-01,-6.489625325264324063e-02,2.074305889557408467e-01,1.498039558050206221e-01,1.713298763614635456e-01,7.646857818559607556e-02,1.262899845528888954e-01,4.358211703975797269e-01,3.902495531743124246e-01,4.296333353226263752e-01,1.024144341824894111e-01,-4.138567325367881189e-01,1.423280919788319498e-01,-3.329894106475599080e-02,2.704000621624728096e-01,2.095052122520867366e-01,3.049051233909903513e-01,3.306742799869059057e-01,4.730718809582136197e-01,-4.555704432451457286e-01,2.880530509515476234e-02,5.647962571561309097e-01,4.518649886210558408e-01,-4.481437700207300812e-01,-5.637215804455477652e-01,1.562599212425173634e-01,-4.194216129228083845e-01,4.287607880987588937e-01,-1.013165841488540032e-02,2.637071296991975733e-01,7.410821874509205820e-01,5.283885600011423156e-01,5.455843940111951978e-03,3.279695633995983739e-01,-5.531857710308064197e-02,5.637515752866245622e-01,-1.313456588077171749e-01,-6.702020480705661587e-02,2.102221512732951880e-01,-4.999575553605625083e-02,-5.289131646959773642e-02,-1.021499367103006518e-02,5.183532040712108824e-01,-7.341058507029999403e-01,2.924009546284890848e-01,3.051568433336127595e-01,4.274491405109183684e-01,3.315598935733851116e-01,3.509620079742595822e-01,6.294051409161821597e-01,-2.987571997632779697e-01,6.999312284135726925e-01,4.092031350864265837e-01,5.322511227551318669e-01,2.246148059799978614e-01,1.881774629630162288e+00,8.483824423993492347e-01,-1.219919741696640914e-01,2.743414075325505963e-01,-8.025974807266107736e-02,1.408625997558708431e-01,5.050401057203577349e-01,3.908909776805279956e-01,-1.869156351595576693e-01,-1.583704319558088824e-01,1.746415671249941237e-01,-3.075636596541140300e-01,2.964904229126865687e-01,2.133723925137736288e-01,1.170658653465756205e-01,4.791031625738533251e-01,2.483830394606178771e-01,2.436276169438236494e-01,1.585378631823955789e-02,4.102441068735166452e-01,5.098505032465312503e-01,4.091565676182196687e-01,-5.825781757836657332e-02,6.044661525262871038e-01,-1.858316052191969631e-02,-1.396024457493403315e-01,1.301839747006436343e-01,-1.181867986028085730e-02,-7.929745173359295518e-02,4.629133440640625374e-01,7.684393431492851922e-01,7.725643306988243253e-02,2.290821045957782687e-01,2.320019427559072422e-01,2.671739737650245528e-01,-4.303459872109453577e-01,1.566429123252780498e+00
-6.920197260589348032e-01,-4.517478262340396400e-02,5.957422298663638260e-01,-2.018489733270330821e-01,1.354637063686623955e-01,2.738050263248212879e-01,-2.333898805832516077e-01,5.669716944004742354e-01,5.220866250478197745e-01,1.195169146707271285e-01,2.071833134294039924e-01,8.098521176149164891e-01,-7.747765803493013304e-02,5.782632139923824521e-01,6.714432890878890836e-01,2.940384840211338613e-01,6.266899619032425539e-01,4.966410090363058139e-01,2.917115119594266281e-01,3.465866394940516071e-01,5.153696240958854924e-01,-1.255991797153384049e-01,1.321723985998593531e-01,-3.660921408165369040e-01,1.903565342417280482e-01,-1.926844782009117241e-01,6.320137461859023364e-01,-1.688881040399012046e-01,3.875728229652826706e-01,2.954257610090796089e-03,4.372392945751852333e-01,5.782038623841450065e-01,-1.601895557305220430e-01,-7.511484015088266963e-02,3.502587989092011411e-01,5.390145649194176825e-01,-8.194420561497674227e-02,2.642574037090539840e-01,5.077639352947077578e-02,3.000337106833136369e-01,2.664228411405726304e-01,3.856786808693818402e-02,2.136948511990370281e-01,2.521011594032964154e-01,-1.117716927240018920e-01,5.472659769118036754e-01,2.717562998284326903e-01,4.715524248093329041e-01,-3.563695100300369178e-01,6.570296190435943595e-01,8.755805390630359009e-01,6.901233225746048472e-01,-1.971482067525398216e-02,5.288629144966366935e-01,-1.429280621134223217e-01,-1.916245877456445312e-01,4.808532131667315190e-01,5.268304397650598325e-01,9.666644934489367069e-02,4.899414868907390996e+01,3.170192109405529646e-01,3.081491273612721460e-01,1.391223187846633569e-01,2.649054566317500248e-01,2.548173054544340399e-01,4.034664981331143596e-01,-1.059935626132601505e-01,-5.233591760754360833e-02,6.469623588516015822e-01,-2.000889137840171639e-01,-2.259579833894380940e-01,-2.194971331795401992e-02,4.571692377485961911e-01,-1.493401296098363917e-01,-4.952644770461067658e-01,-4.969594990475717511e-02,7.936330940143377921e-01,4.667330800747301334e-01,4.157102253796890468e-02,6.581946651332791776e-01,2.491712247305063743e-01,-3.527304392145924061e-01,2.370610344028747374e-01,5.988285578174029622e-01,1.537856815728388671e-01,7.766707745260216511e-02,6.046040746763312046e-02,1.066903509458945631e+00,-3.207611200642428856e-02,-4.361580366200224490e-01,1.975320248131568479e-01,-1.985425196327203767e-01,1.207245659646702801e-01,2.713321803452226066e-01,6.821689699831314790e-01,3.339913456389552726e-01,-1.829172474656173553e-01,-5.764285410710048851e-02,-8.708958932992874602e-02,-7.194272172511992358e-02,6.681530627076824880e-01,-1.473936820847319418e-01,4.149001265453934606e-02,3.506087422738337483e-02,3.116944612241902002e-01,4.481383625346866545e-02,5.979481412629613635e-01,2.055639352521957397e-01,5.253951956678368784e-01,5.590102226123531276e-02,2.238308895623359052e-01,-1.027577596083094069e-01,1.530746289917906955e-01,2.867307593722603354e-01,5.051625533955204084e-01,7.470260373929656084e-02,1.342804971716433649e-01,1.364807544986716970e+00,-2.067016030224648818e-02,-2.087457020588233958e-01,8.166193555519309921e-01,5.438423677386220456e-01,3.925300241982191962e-01,-2.095997494646109349e-01,2.179080845473382322e-01,6.530742514059786341e-01,5.046239473887590421e-01,5.439232106861147109e-01,-1.216467237942343155e-01,1.187487732948233204e-01,-1.684014105031383379e-01,-3.706268362160013846e-02,4.324617589122825012e-01,-4.689251680488133039e-02,-2.820089921472286321e-01,-2.840309814906233701e-02,-2.031966226854347579e-01,7.291611741251035061e-01,-1.663386018404515998e-01,-6.167164927273919295e-01,-1.042322582731293190e-01,8.180654648248762983e-01,8.374061672930509237e-02,5.168464181179989181e-01,-1.890123786526833327e-01,4.064561261457173558e-01,8.064311061740569997e-01,3.116502260163224736e-01,-1.447434744198267467e-02,5.224747681200532512e-02,1.107826124603329687e-01,8.907303932767565713e-02,6.777428619505162510e-01,-1.437296894276709702e+00
8.256584254613918983e-02,-2.654631545030866624e-01,-2.995436487976576578e-01,1.371341464435131274e-01,7.528367447487409325e-02,-1.581971719133525023e-01,2.227939027076996092e-01,-2.268295248028509015e-01,4.233954732128377141e-01,4.500970856875927129e-01,-1.814207140816165853e-01,3.389675168732486088e-01,3.357967959480964715e-01,4.872189100848073884e-01,-3.182595350156790515e-01,2.624052122774007123e-01,5.862054942524645984e-01,-3.998301369729361232e-01,8.995736414130388325e-02,7.087029417454362434e-01,-2.534869868029347995e-01,-2.006177535329446426e-01,2.116739763512125172e-01,3.287657221572317656e-01,7.240805960598543090e-01,-3.466072123413913575e-01,6.635342457576710595e-01,3.495169902965474251e-01,5.933015436174554624e-01,-2.315848742085204193e-01,4.221283760975421129e-01,-1.440441161180812737e-02,-2.409368347275918087e-01,-1.851627313721028179e-01,4.167177327573929335e-01,7.302454100039200702e-01,1.318190306550264534e-01,-1.230795080793703339e-01,5.563706397390130176e-01,-4.709189906491386204e-03,1.860507751314011415e-01,4.718154584902029686e-02,-3.972360042185602534e-03,6.046083660141374772e-01,1.376328785877640182e-01,4.307747520113167083e-01,5.749610128713291690e-01,5.645958113659833577e-01,3.842715292251409065e-01,1.470998337058601058e-01,5.632811880544513761e-01,1.135472903147619617e-01,3.390753093766893933e-01,8.541902107116066123e-01,5.342543586866672634e-01,6.305259818570336794e-01,-5.609621834074959845e-02,8.120796363216824520e-01,-3.008193644060819238e-01,4.838944959145849367e+01,1.424523428897979116e-01,-3.453646070479093888e-01,4.640606539619612225e-01,-1.960887940271807128e-01,6.535242333250980418e-02,6.097244646375419297e-01,1.760064810241365185e-01,7.495324553119101507e-01,1.516089449892115137e-01,8.079904573928932410e-02,2.351916937660749884e-01,-7.396578161228241355e-02,-1.309470357850000544e-01,-2.607340723347179035e-01,-2.115785208799267347e-01,-2.991337096679143603e-01,1.411537478874591578e-01,4.853320424334137129e-01,-1.338303176858347820e-01,5.552368759567127832e-01,2.782461109615941286e-01,-4.095322595291128742e-01,-2.730577237255240042e-01,-8.574513740499609127e-02,-1.636384553502835404e-01,-1.624741495264968305e-01,-6.042700608006204566e-02,2.256360546258612265e-01,-1.024547903074347205e-01,-2.253176974743772432e-01,4.191001842369759811e-02,-1.436345418616828684e-02,7.066232387974086260e-01,3.844563737827540462e-01,2.043022983660849612e-01,8.268650628313242157e-01,-2.967903668904252057e-01,5.605699119625815463e-01,5.421418361955996357e-01,6.139284210385765467e-02,3.837052370925603251e-02,1.104979283826960784e-01,3.942972883765135661e-01,-1.075525359708969821e-02,4.831851453568230537e-01,3.429214849656597730e-01,-2.162151112282341414e-01,8.374621625064997132e-02,3.472798154430598583e-01,9.597908034650962095e-02,1.990748465083148344e-01,-1.703326097986887222e-01,1.309659007882182091e-01,1.435338423166595753e-02,-4.622801468547676484e-01,4.442843266480230313e-01,-1.451901419497552137e-01,1.582809710406104742e+00,1.443876438819989040e-02,6.171418120945438845e-01,8.814053193863492786e-02,-6.027233367062890812e-01,3.228027114691813804e-01,5.348307763174091622e-01,1.558681267277925719e-01,-2.983160414999547760e-01,4.775684823754785535e-01,-9.986503710955055291e-02,3.245610190083072499e-01,3.994927764162989337e-01,3.605653863616268828e-01,2.696472229777223673e-01,3.794843712473929681e-02,-7.166468472280300428e-02,3.608957411325164899e-01,-1.779592146873415492e-01,1.962886759458022379e-01,5.016019618970476435e-01,3.710710350272873326e-01,-4.500601507268583434e-01,6.290967901366044668e-01,5.492806860494247045e-01,4.158905515349584081e-02,-3.074166692156121705e-01,-6.758195611919795565e-02,-4.444301997385559644e-01,-1.111604982918635021e-01,-1.264301014759902919e-01,-1.094479291197215931e-01,2.275461487867010135e-01,3.561313908088240554e-01,-1.663777256770835600e-01,-4.749623651975699024e-01,-1.853237150943013001e+00
2.580807471333131708e+00,3.616331890637085600e-01,2.767253260586027275e-01,5.802856134586809045e-01,7.606302377304210438e-01,2.477142886249246445e-01,7.342172185966473752e-02,6.532272122173269358e-01,4.568707207075794474e-01,2.594140491963531914e-01,3.892930860365896306e-01,7.328881203584369612e-03,6.101716505633541371e-02,7.995887896167319653e-02,1.955220992551946479e-01,3.884735941274008453e-01,-2.830456540522912484e-02,2.466867319703964223e-01,3.536203082619491789e-01,3.743412740086803081e-02,-4.342912076017009515e-03,-1.037763947415281940e-01,2.047529714067901074e-01,9.772756122061355966e-02,6.904435315416010965e-01,6.991813267773061558e-02,1.253706728717031704e-01,4.683994113036373808e-01,7.834758227145667275e-01,4.729364878977765363e-01,-3.159394847514720994e-01,-5.868521562630153038e-02,2.612482231360616636e-01,5.666632454395981178e-01,2.192154909703905863e-01,5.543619923468705302e-02,2.262657889692348545e-01,-1.892275933259719434e-01,1.884408425734103790e-02,3.524954021814042382e-01,1.307939614733355793e-01,2.529129740691978823e-01,4.456647883557747769e-01,5.278662366477491208e-01,2.543490760570752407e-01,4.220085144453363801e-01,5.026181960684266148e-01,-1.749637434190356722e-01,-3.379174238722774254e-02,4.417570217633220442e-01,-5.682478575512665830e-02,1.456232642197335114e-01,1.385602562709752905e-01,2.162520173533606094e-01,-2.426409832746075357e-01,2.554071356586790631e-01,1.194215780841016011e-01,1.254577312798767566e-02,2.104228508771307515e-01,4.724085810836984223e+01,5.030407008111571487e-01,2.594751251650901369e-01,6.182055759448847887e-01,-1.516028323546818601e-01,3.519905670118255725e-01,-6.468437208994305687e-02,6.246433684693731836e-01,5.774398032714629370e-01,5.885432332807721822e-02,-7.187968024015101154e-02,3.576266039764764981e-01,3.302460936906864708e-01,7.031909805577499228e-02,3.832440125401480602e-01,1.037173673854138167e-01,3.875830822194853975e-01,5.528113305766865215e-01,-1.211843837985310951e-01,1.273209401909439764e-01,5.678167515701061374e-01,5.682894193132724814e-01,-4.095723482227262013e-01,2.650983569726527659e-03,9.500335185580431607e-02,3.015897506411925333e-01,-4.050637127944258786e-01,2.741028068638335924e-01,5.731838354446515682e-01,1.592804677952868453e-01,-3.775579961638078630e-02,2.649215125559233330e-01,-1.563642695260987758e-01,9.028012894337703043e-03,1.794361857820115647e-01,4.410355803066281499e-01,6.970771607841934336e-02,2.782999137324857486e-01,2.996979717877699678e-01,4.032950534165128387e-01,-5.291218562587647611e-02,4.715710720285848367e-01,1.099662304897901233e-01,1.097704017681723071e-01,-1.251657759570437567e-01,6.608049588043151124e-01,-4.368641134322209241e-01,-3.861090264141937012e-01,5.132005343677698006e-01,1.154711445328101105e+00,1.240090672950561468e-01,-3.065002116079752412e-02,7.417931470155521012e-01,-1.651911220658245638e-01,6.208839842963641970e-02,-1.549792596768534980e-01,5.735741347137390117e-02,1.655756544557576149e-01,1.583776854669289191e+00,2.787340393938677607e-01,1.538729949708841083e-01,6.543094729170066959e-01,3.445840023761473359e-01,-1.212594614214151656e-01,5.556433856724306286e-02,2.797530675127047894e-01,4.005589909061854637e-01,1.204174264462719302e-01,-6.172023131254546213e-02,5.271288120468971966e-02,-1.012306677273782651e-01,3.930864882191913434e-01,2.133814819642104177e-01,4.385601135152948915e-01,1.790766583581701876e-01,1.527068723676499595e-01,-3.248196421872767137e-01,-2.870341389424863610e-01,1.345603957271893913e-01,2.410197968620320930e-01,1.947066137362573890e-01,-1.141873911448061385e-01,5.067887349421891230e-01,2.933657795746479890e-01,-2.358983738163094313e-01,8.616232423655825201e-01,-8.597886717223821029e-03,9.965432719485642701e-03,3.985819233889809632e-01,6.114118773198339712e-02,3.080973416282696276e-01,1.269365736605047867e-01,-3.050976840827352432e-01,-6.597402267595441072e-02,-1.203484412683063276e+00
